Timestamp,Symbol,Action,Quantity,Price
2025-12-29 12:57:10,NIFTY,buy,50,19500.05
2025-12-29 13:35:39,NIFTY,buy,50,25944.5
2025-12-29 13:35:40,NIFTY,buy,50,25945.15
2025-12-29 13:35:40,NIFTY,buy,50,25944.5
2025-12-29 13:35:41,NIFTY,buy,50,25943.8
2025-12-29 13:35:41,NIFTY,buy,50,25942.9
2025-12-29 13:35:42,NIFTY,buy,50,25943.65
2025-12-29 13:35:42,NIFTY,buy,50,25943.45
2025-12-29 13:35:43,NIFTY,buy,50,25942.65
2025-12-29 13:35:43,NIFTY,buy,50,25943.2
2025-12-29 13:35:44,NIFTY,buy,50,25943.9
2025-12-29 13:35:44,NIFTY,buy,50,25944.1
2025-12-29 13:35:45,NIFTY,buy,50,25944.5
2025-12-29 13:35:45,NIFTY,buy,50,25942.5
2025-12-29 13:35:46,NIFTY,buy,50,25942.5
2025-12-29 13:35:46,NIFTY,buy,50,25944.45
2025-12-29 13:35:47,NIFTY,buy,50,25944.5
2025-12-29 13:35:47,NIFTY,buy,50,25944.35
2025-12-29 13:35:48,NIFTY,buy,50,25943.3
2025-12-29 13:35:48,NIFTY,buy,50,25943.25
2025-12-29 13:35:49,NIFTY,buy,50,25943.15
2025-12-29 13:35:49,NIFTY,buy,50,25943.0
2025-12-29 13:35:50,NIFTY,buy,50,25943.85
2025-12-29 13:35:50,NIFTY,buy,50,25943.3
2025-12-29 13:35:51,NIFTY,buy,50,25942.35
2025-12-29 13:35:51,NIFTY,buy,50,25943.35
2025-12-29 13:35:52,NIFTY,buy,50,25943.4
2025-12-29 13:35:52,NIFTY,buy,50,25942.55
2025-12-29 13:35:53,NIFTY,buy,50,25942.45
2025-12-29 13:35:53,NIFTY,buy,50,25942.35
2025-12-29 13:35:54,NIFTY,buy,50,25942.1
2025-12-29 13:35:54,NIFTY,buy,50,25942.15
2025-12-29 13:35:55,NIFTY,buy,50,25942.7
2025-12-29 13:35:55,NIFTY,buy,50,25942.25
2025-12-29 13:35:56,NIFTY,buy,50,25942.8
2025-12-29 13:35:57,NIFTY,buy,50,25942.9
2025-12-29 13:35:57,NIFTY,buy,50,25942.95
2025-12-29 13:35:58,NIFTY,buy,50,25942.15
2025-12-29 13:35:58,NIFTY,buy,50,25942.8
2025-12-29 13:35:59,NIFTY,buy,50,25942.4
2025-12-29 13:35:59,NIFTY,buy,50,25942.6
2025-12-29 13:36:00,NIFTY,buy,50,25943.1
2025-12-29 13:36:00,NIFTY,buy,50,25941.95
2025-12-29 13:36:01,NIFTY,buy,50,25942.15
2025-12-29 13:36:01,NIFTY,buy,50,25943.0
2025-12-29 13:36:02,NIFTY,buy,50,25942.6
2025-12-29 13:36:02,NIFTY,buy,50,25942.9
2025-12-29 13:36:03,NIFTY,buy,50,25942.15
2025-12-29 13:36:03,NIFTY,buy,50,25942.1
2025-12-29 13:36:04,NIFTY,buy,50,25942.05
2025-12-29 13:36:04,NIFTY,buy,50,25943.55
2025-12-29 13:36:05,NIFTY,buy,50,25943.25
2025-12-29 13:36:05,NIFTY,buy,50,25943.2
2025-12-29 13:36:06,NIFTY,buy,50,25943.15
2025-12-29 13:36:06,NIFTY,buy,50,25943.55
2025-12-29 13:36:07,NIFTY,buy,50,25943.8
2025-12-29 13:36:07,NIFTY,buy,50,25942.85
2025-12-29 13:36:08,NIFTY,buy,50,25943.15
2025-12-29 13:36:08,NIFTY,buy,50,25943.9
2025-12-29 13:36:09,NIFTY,buy,50,25944.3
2025-12-29 13:36:09,NIFTY,buy,50,25943.3
2025-12-29 13:36:10,NIFTY,buy,50,25943.5
2025-12-29 13:36:10,NIFTY,buy,50,25943.35
2025-12-29 13:36:11,NIFTY,buy,50,25943.5
2025-12-29 13:36:11,NIFTY,buy,50,25942.95
2025-12-29 13:36:12,NIFTY,buy,50,25943.6
2025-12-29 13:36:12,NIFTY,buy,50,25943.65
2025-12-29 13:36:13,NIFTY,buy,50,25942.4
2025-12-29 13:36:13,NIFTY,buy,50,25942.2
2025-12-29 13:36:14,NIFTY,buy,50,25942.25
2025-12-29 13:36:14,NIFTY,buy,50,25942.45
2025-12-29 13:36:15,NIFTY,buy,50,25943.0
2025-12-29 13:36:15,NIFTY,buy,50,25943.05
2025-12-29 13:36:16,NIFTY,buy,50,25942.1
2025-12-29 13:36:16,NIFTY,buy,50,25942.25
2025-12-29 13:36:17,NIFTY,buy,50,25942.95
2025-12-29 13:36:17,NIFTY,buy,50,25942.7
2025-12-29 13:36:18,NIFTY,buy,50,25942.9
2025-12-29 13:36:18,NIFTY,buy,50,25943.15
2025-12-29 13:36:19,NIFTY,buy,50,25942.75
2025-12-29 13:36:19,NIFTY,buy,50,25942.4
2025-12-29 13:36:20,NIFTY,buy,50,25942.9
2025-12-29 13:36:20,NIFTY,buy,50,25943.2
2025-12-29 13:36:21,NIFTY,buy,50,25943.15
2025-12-29 13:36:21,NIFTY,buy,50,25943.25
2025-12-29 13:36:22,NIFTY,buy,50,25943.35
2025-12-29 13:36:22,NIFTY,buy,50,25943.0
2025-12-29 13:36:23,NIFTY,buy,50,25942.95
2025-12-29 13:36:23,NIFTY,buy,50,25943.45
2025-12-29 13:36:24,NIFTY,buy,50,25942.8
2025-12-29 13:36:24,NIFTY,buy,50,25943.8
2025-12-29 13:36:25,NIFTY,buy,50,25942.85
2025-12-29 13:36:25,NIFTY,buy,50,25942.05
2025-12-29 13:36:26,NIFTY,buy,50,25942.65
2025-12-29 13:36:26,NIFTY,buy,50,25942.8
2025-12-29 13:36:27,NIFTY,buy,50,25942.4
2025-12-29 13:36:27,NIFTY,buy,50,25941.7
2025-12-29 13:36:28,NIFTY,buy,50,25942.25
2025-12-29 13:36:28,NIFTY,buy,50,25943.0
2025-12-29 13:36:29,NIFTY,buy,50,25942.15
2025-12-29 13:36:29,NIFTY,buy,50,25943.4
2025-12-29 13:36:30,NIFTY,buy,50,25943.75
2025-12-29 13:36:30,NIFTY,buy,50,25941.95
2025-12-29 13:36:31,NIFTY,buy,50,25942.1
2025-12-29 13:36:31,NIFTY,buy,50,25942.4
2025-12-29 13:36:32,NIFTY,buy,50,25943.4
2025-12-29 13:36:32,NIFTY,buy,50,25943.3
2025-12-29 13:36:33,NIFTY,buy,50,25941.9
2025-12-29 13:36:33,NIFTY,buy,50,25942.8
2025-12-29 13:36:34,NIFTY,buy,50,25943.15
2025-12-29 13:36:34,NIFTY,buy,50,25943.6
2025-12-29 13:36:35,NIFTY,buy,50,25944.05
2025-12-29 13:36:35,NIFTY,buy,50,25941.9
2025-12-29 13:36:36,NIFTY,buy,50,25941.6
2025-12-29 13:36:36,NIFTY,buy,50,25942.65
2025-12-29 13:36:37,NIFTY,buy,50,25942.85
2025-12-29 13:36:37,NIFTY,buy,50,25943.1
2025-12-29 13:36:38,NIFTY,buy,50,25943.15
2025-12-29 13:36:38,NIFTY,buy,50,25945.3
2025-12-29 13:36:39,NIFTY,buy,50,25944.9
2025-12-29 13:36:39,NIFTY,buy,50,25945.2
2025-12-29 13:36:40,NIFTY,buy,50,25945.55
2025-12-29 13:36:40,NIFTY,buy,50,25945.0
2025-12-29 13:36:41,NIFTY,buy,50,25945.0
2025-12-29 13:36:41,NIFTY,buy,50,25944.35
2025-12-29 13:36:42,NIFTY,buy,50,25944.7
2025-12-29 13:36:42,NIFTY,buy,50,25945.45
2025-12-29 13:36:43,NIFTY,buy,50,25944.65
2025-12-29 13:36:43,NIFTY,buy,50,25944.05
2025-12-29 13:36:44,NIFTY,buy,50,25945.5
2025-12-29 13:36:44,NIFTY,buy,50,25944.95
2025-12-29 13:36:45,NIFTY,buy,50,25944.65
2025-12-29 13:36:45,NIFTY,buy,50,25943.2
2025-12-29 13:36:46,NIFTY,buy,50,25942.85
2025-12-29 13:36:46,NIFTY,buy,50,25944.85
2025-12-29 13:36:47,NIFTY,buy,50,25944.6
2025-12-29 13:36:47,NIFTY,buy,50,25945.8
2025-12-29 13:36:48,NIFTY,buy,50,25945.3
2025-12-29 13:36:48,NIFTY,buy,50,25945.0
2025-12-29 13:36:49,NIFTY,buy,50,25944.65
2025-12-29 13:36:49,NIFTY,buy,50,25943.9
2025-12-29 13:36:50,NIFTY,buy,50,25946.4
2025-12-29 13:36:50,NIFTY,buy,50,25946.7
2025-12-29 13:36:51,NIFTY,buy,50,25945.85
2025-12-29 13:36:51,NIFTY,buy,50,25946.9
2025-12-29 13:36:52,NIFTY,buy,50,25947.3
2025-12-29 13:36:52,NIFTY,buy,50,25945.55
2025-12-29 13:36:53,NIFTY,buy,50,25945.0
2025-12-29 13:36:53,NIFTY,buy,50,25945.0
2025-12-29 13:36:54,NIFTY,buy,50,25946.15
2025-12-29 13:36:54,NIFTY,buy,50,25946.45
2025-12-29 13:36:55,NIFTY,buy,50,25945.4
2025-12-29 13:36:55,NIFTY,buy,50,25945.05
2025-12-29 13:36:56,NIFTY,buy,50,25945.6
2025-12-29 13:36:56,NIFTY,buy,50,25945.0
2025-12-29 13:36:57,NIFTY,buy,50,25945.4
2025-12-29 13:36:57,NIFTY,buy,50,25945.45
2025-12-29 13:36:58,NIFTY,buy,50,25945.3
2025-12-29 13:36:58,NIFTY,buy,50,25945.05
2025-12-29 13:36:59,NIFTY,buy,50,25945.4
2025-12-29 13:36:59,NIFTY,buy,50,25945.55
2025-12-29 13:37:00,NIFTY,buy,50,25946.15
2025-12-29 13:37:00,NIFTY,buy,50,25945.15
2025-12-29 13:37:01,NIFTY,buy,50,25945.2
2025-12-29 13:37:01,NIFTY,buy,50,25944.1
2025-12-29 13:37:02,NIFTY,buy,50,25944.75
2025-12-29 13:37:02,NIFTY,buy,50,25945.0
2025-12-29 13:37:03,NIFTY,buy,50,25945.0
2025-12-29 13:37:03,NIFTY,buy,50,25945.6
2025-12-29 13:37:04,NIFTY,buy,50,25944.95
2025-12-29 13:37:04,NIFTY,buy,50,25944.4
2025-12-29 13:37:05,NIFTY,buy,50,25945.7
2025-12-29 13:37:05,NIFTY,buy,50,25946.0
2025-12-29 13:37:06,NIFTY,buy,50,25946.35
2025-12-29 13:37:06,NIFTY,buy,50,25945.75
2025-12-29 13:37:07,NIFTY,buy,50,25945.65
2025-12-29 13:37:07,NIFTY,buy,50,25945.05
2025-12-29 13:37:08,NIFTY,buy,50,25945.7
2025-12-29 13:37:08,NIFTY,buy,50,25947.2
2025-12-29 13:37:09,NIFTY,buy,50,25946.4
2025-12-29 13:37:10,NIFTY,buy,50,25946.7
2025-12-29 13:37:10,NIFTY,buy,50,25945.6
2025-12-29 13:37:11,NIFTY,buy,50,25945.4
2025-12-29 13:37:11,NIFTY,buy,50,25945.5
2025-12-29 13:37:12,NIFTY,buy,50,25945.75
2025-12-29 13:37:12,NIFTY,buy,50,25945.5
2025-12-29 13:37:13,NIFTY,buy,50,25945.2
2025-12-29 13:37:13,NIFTY,buy,50,25945.2
2025-12-29 13:37:14,NIFTY,buy,50,25945.95
2025-12-29 13:37:14,NIFTY,buy,50,25945.85
2025-12-29 13:37:15,NIFTY,buy,50,25946.15
2025-12-29 13:37:15,NIFTY,buy,50,25943.9
2025-12-29 13:37:16,NIFTY,buy,50,25944.15
2025-12-29 13:37:16,NIFTY,buy,50,25944.55
2025-12-29 13:37:17,NIFTY,buy,50,25945.15
2025-12-29 13:37:17,NIFTY,buy,50,25946.4
2025-12-29 13:37:18,NIFTY,buy,50,25945.55
2025-12-29 13:37:18,NIFTY,buy,50,25945.55
2025-12-29 13:37:19,NIFTY,buy,50,25945.2
2025-12-29 13:37:19,NIFTY,buy,50,25945.05
2025-12-29 13:37:20,NIFTY,buy,50,25945.5
2025-12-29 13:37:20,NIFTY,buy,50,25945.4
2025-12-29 13:37:21,NIFTY,buy,50,25945.55
2025-12-29 13:37:21,NIFTY,buy,50,25945.75
2025-12-29 13:37:22,NIFTY,buy,50,25945.65
2025-12-29 13:37:22,NIFTY,buy,50,25945.3
2025-12-29 13:37:23,NIFTY,buy,50,25944.6
2025-12-29 13:37:23,NIFTY,buy,50,25944.9
2025-12-29 13:37:24,NIFTY,buy,50,25945.1
2025-12-29 13:37:24,NIFTY,buy,50,25945.4
2025-12-29 13:37:25,NIFTY,buy,50,25944.85
2025-12-29 13:37:25,NIFTY,buy,50,25944.75
2025-12-29 13:37:26,NIFTY,buy,50,25944.9
2025-12-29 13:37:26,NIFTY,buy,50,25945.05
2025-12-29 13:37:27,NIFTY,buy,50,25944.5
2025-12-29 13:37:27,NIFTY,buy,50,25944.0
2025-12-29 13:37:28,NIFTY,buy,50,25943.5
2025-12-29 13:37:28,NIFTY,buy,50,25944.4
2025-12-29 13:37:29,NIFTY,buy,50,25944.45
2025-12-29 13:37:29,NIFTY,buy,50,25942.9
2025-12-29 13:37:30,NIFTY,buy,50,25944.1
2025-12-29 13:37:30,NIFTY,buy,50,25943.4
2025-12-29 13:37:31,NIFTY,buy,50,25942.9
2025-12-29 13:37:31,NIFTY,buy,50,25943.8
2025-12-29 13:37:32,NIFTY,buy,50,25944.3
2025-12-29 13:37:32,NIFTY,buy,50,25942.9
2025-12-29 13:37:33,NIFTY,buy,50,25942.6
2025-12-29 13:37:33,NIFTY,buy,50,25943.1
2025-12-29 13:37:34,NIFTY,buy,50,25943.45
2025-12-29 13:37:34,NIFTY,buy,50,25942.5
2025-12-29 13:37:35,NIFTY,buy,50,25942.4
2025-12-29 13:37:35,NIFTY,buy,50,25941.6
2025-12-29 13:37:36,NIFTY,buy,50,25941.35
2025-12-29 13:37:36,NIFTY,buy,50,25941.35
2025-12-29 13:37:37,NIFTY,buy,50,25941.05
2025-12-29 13:37:37,NIFTY,buy,50,25940.8
2025-12-29 13:37:38,NIFTY,buy,50,25940.85
2025-12-29 13:37:38,NIFTY,buy,50,25941.5
2025-12-29 13:37:39,NIFTY,buy,50,25940.5
2025-12-29 13:37:39,NIFTY,buy,50,25940.0
2025-12-29 13:37:40,NIFTY,buy,50,25940.5
2025-12-29 13:37:40,NIFTY,buy,50,25939.85
2025-12-29 13:37:41,NIFTY,buy,50,25939.75
2025-12-29 13:37:41,NIFTY,buy,50,25939.5
2025-12-29 13:37:42,NIFTY,buy,50,25938.9
2025-12-29 13:37:42,NIFTY,buy,50,25937.75
2025-12-29 13:37:43,NIFTY,buy,50,25937.1
2025-12-29 13:37:43,NIFTY,buy,50,25937.45
2025-12-29 13:37:44,NIFTY,buy,50,25937.15
2025-12-29 13:37:44,NIFTY,buy,50,25937.05
2025-12-29 13:37:45,NIFTY,buy,50,25937.05
2025-12-29 13:37:45,NIFTY,buy,50,25936.25
2025-12-29 13:37:46,NIFTY,buy,50,25936.2
2025-12-29 13:37:46,NIFTY,buy,50,25938.15
2025-12-29 13:37:47,NIFTY,buy,50,25937.8
2025-12-29 13:37:47,NIFTY,buy,50,25937.8
2025-12-29 13:37:48,NIFTY,buy,50,25937.35
2025-12-29 13:37:48,NIFTY,buy,50,25937.1
2025-12-29 13:37:49,NIFTY,buy,50,25936.2
2025-12-29 13:37:49,NIFTY,buy,50,25937.05
2025-12-29 13:37:50,NIFTY,buy,50,25937.4
2025-12-29 13:37:50,NIFTY,buy,50,25937.4
2025-12-29 13:37:51,NIFTY,buy,50,25936.85
2025-12-29 13:37:51,NIFTY,buy,50,25937.1
2025-12-29 13:37:52,NIFTY,buy,50,25937.25
2025-12-29 13:37:52,NIFTY,buy,50,25937.15
2025-12-29 13:37:53,NIFTY,buy,50,25936.65
2025-12-29 13:37:53,NIFTY,buy,50,25936.6
2025-12-29 13:37:54,NIFTY,buy,50,25936.3
2025-12-29 13:37:54,NIFTY,buy,50,25935.8
2025-12-29 13:37:55,NIFTY,buy,50,25936.85
2025-12-29 13:37:55,NIFTY,buy,50,25935.5
2025-12-29 13:37:56,NIFTY,buy,50,25935.3
2025-12-29 13:37:57,NIFTY,buy,50,25936.1
2025-12-29 13:37:57,NIFTY,buy,50,25935.3
2025-12-29 13:37:57,NIFTY,buy,50,25935.8
2025-12-29 13:37:58,NIFTY,buy,50,25935.35
2025-12-29 13:37:58,NIFTY,buy,50,25935.85
2025-12-29 13:37:59,NIFTY,buy,50,25936.45
2025-12-29 13:37:59,NIFTY,buy,50,25935.95
2025-12-29 13:38:00,NIFTY,buy,50,25936.95
2025-12-29 13:38:00,NIFTY,buy,50,25935.6
2025-12-29 13:38:01,NIFTY,buy,50,25935.15
2025-12-29 13:38:01,NIFTY,buy,50,25935.6
2025-12-29 13:38:02,NIFTY,buy,50,25935.65
2025-12-29 13:38:02,NIFTY,buy,50,25936.55
2025-12-29 13:38:03,NIFTY,buy,50,25935.4
2025-12-29 13:38:03,NIFTY,buy,50,25935.3
2025-12-29 13:38:04,NIFTY,buy,50,25935.0
2025-12-29 13:38:04,NIFTY,buy,50,25935.65
2025-12-29 13:38:05,NIFTY,buy,50,25936.1
2025-12-29 13:38:05,NIFTY,buy,50,25935.9
2025-12-29 13:38:06,NIFTY,buy,50,25935.95
2025-12-29 13:38:06,NIFTY,buy,50,25936.85
2025-12-29 13:38:07,NIFTY,buy,50,25936.7
2025-12-29 13:38:07,NIFTY,buy,50,25936.75
2025-12-29 13:38:08,NIFTY,buy,50,25936.55
2025-12-29 13:38:08,NIFTY,buy,50,25937.6
2025-12-29 13:38:09,NIFTY,buy,50,25937.85
2025-12-29 13:38:09,NIFTY,buy,50,25937.85
2025-12-29 13:38:10,NIFTY,buy,50,25939.4
2025-12-29 13:38:10,NIFTY,buy,50,25938.4
2025-12-29 13:38:11,NIFTY,buy,50,25938.0
2025-12-29 13:38:11,NIFTY,buy,50,25938.05
2025-12-29 13:38:12,NIFTY,buy,50,25937.4
2025-12-29 13:38:12,NIFTY,buy,50,25937.85
2025-12-29 13:38:13,NIFTY,buy,50,25937.45
2025-12-29 13:38:13,NIFTY,buy,50,25939.0
2025-12-29 13:38:14,NIFTY,buy,50,25939.5
2025-12-29 13:38:14,NIFTY,buy,50,25939.25
2025-12-29 13:38:15,NIFTY,buy,50,25939.75
2025-12-29 13:38:15,NIFTY,buy,50,25938.4
2025-12-29 13:38:16,NIFTY,buy,50,25938.1
2025-12-29 13:38:16,NIFTY,buy,50,25937.45
2025-12-29 13:38:17,NIFTY,buy,50,25939.65
2025-12-29 13:38:17,NIFTY,buy,50,25940.5
2025-12-29 13:38:18,NIFTY,buy,50,25939.7
2025-12-29 13:38:18,NIFTY,buy,50,25938.55
2025-12-29 13:38:19,NIFTY,buy,50,25938.15
2025-12-29 13:38:19,NIFTY,buy,50,25938.7
2025-12-29 13:38:20,NIFTY,buy,50,25939.8
2025-12-29 13:38:20,NIFTY,buy,50,25939.85
2025-12-29 13:38:21,NIFTY,buy,50,25938.4
2025-12-29 13:38:21,NIFTY,buy,50,25937.6
2025-12-29 13:38:22,NIFTY,buy,50,25937.3
2025-12-29 13:38:22,NIFTY,buy,50,25936.55
2025-12-29 13:38:23,NIFTY,buy,50,25936.95
2025-12-29 13:38:23,NIFTY,buy,50,25937.7
2025-12-29 13:38:24,NIFTY,buy,50,25936.6
2025-12-29 13:38:24,NIFTY,buy,50,25937.2
2025-12-29 13:38:25,NIFTY,buy,50,25937.4
2025-12-29 13:38:25,NIFTY,buy,50,25937.7
2025-12-29 13:38:26,NIFTY,buy,50,25937.35
2025-12-29 13:38:26,NIFTY,buy,50,25938.8
2025-12-29 13:38:27,NIFTY,buy,50,25937.25
2025-12-29 13:38:27,NIFTY,buy,50,25937.2
2025-12-29 13:38:28,NIFTY,buy,50,25937.7
2025-12-29 13:38:28,NIFTY,buy,50,25937.6
2025-12-29 13:38:29,NIFTY,buy,50,25937.7
2025-12-29 13:38:29,NIFTY,buy,50,25938.05
2025-12-29 13:38:30,NIFTY,buy,50,25937.85
2025-12-29 13:38:30,NIFTY,buy,50,25935.7
2025-12-29 13:38:31,NIFTY,buy,50,25936.15
2025-12-29 13:38:31,NIFTY,buy,50,25937.0
2025-12-29 13:38:32,NIFTY,buy,50,25938.95
2025-12-29 13:38:32,NIFTY,buy,50,25938.8
2025-12-29 13:38:33,NIFTY,buy,50,25938.15
2025-12-29 13:38:33,NIFTY,buy,50,25938.2
2025-12-29 13:38:34,NIFTY,buy,50,25938.1
2025-12-29 13:38:34,NIFTY,buy,50,25938.9
2025-12-29 13:38:35,NIFTY,buy,50,25938.2
2025-12-29 13:38:35,NIFTY,buy,50,25938.7
2025-12-29 13:38:36,NIFTY,buy,50,25938.05
2025-12-29 13:38:36,NIFTY,buy,50,25937.15
2025-12-29 13:38:37,NIFTY,buy,50,25937.15
2025-12-29 13:38:37,NIFTY,buy,50,25937.25
2025-12-29 13:38:38,NIFTY,buy,50,25937.05
2025-12-29 13:38:38,NIFTY,buy,50,25937.95
2025-12-29 13:38:39,NIFTY,buy,50,25937.8
2025-12-29 13:38:39,NIFTY,buy,50,25936.4
2025-12-29 13:38:40,NIFTY,buy,50,25937.65
2025-12-29 13:38:40,NIFTY,buy,50,25937.3
2025-12-29 13:38:41,NIFTY,buy,50,25936.7
2025-12-29 13:38:41,NIFTY,buy,50,25935.95
2025-12-29 13:38:42,NIFTY,buy,50,25936.45
2025-12-29 13:38:42,NIFTY,buy,50,25936.6
2025-12-29 13:38:43,NIFTY,buy,50,25935.4
2025-12-29 13:38:43,NIFTY,buy,50,25936.0
2025-12-29 13:38:44,NIFTY,buy,50,25936.2
2025-12-29 13:38:44,NIFTY,buy,50,25935.9
2025-12-29 13:38:45,NIFTY,buy,50,25936.85
2025-12-29 13:38:45,NIFTY,buy,50,25935.15
2025-12-29 13:38:46,NIFTY,buy,50,25935.95
2025-12-29 13:38:46,NIFTY,buy,50,25937.2
2025-12-29 13:38:47,NIFTY,buy,50,25937.15
2025-12-29 13:38:47,NIFTY,buy,50,25937.4
2025-12-29 13:38:48,NIFTY,buy,50,25937.7
2025-12-29 13:38:48,NIFTY,buy,50,25937.5
2025-12-29 13:38:49,NIFTY,buy,50,25937.5
2025-12-29 13:38:49,NIFTY,buy,50,25937.15
2025-12-29 13:38:50,NIFTY,buy,50,25938.5
2025-12-29 13:38:50,NIFTY,buy,50,25938.25
2025-12-29 13:38:51,NIFTY,buy,50,25937.25
2025-12-29 13:38:51,NIFTY,buy,50,25938.15
2025-12-29 13:38:52,NIFTY,buy,50,25937.95
2025-12-29 13:38:52,NIFTY,buy,50,25937.1
2025-12-29 13:38:53,NIFTY,buy,50,25937.15
2025-12-29 13:38:53,NIFTY,buy,50,25937.0
2025-12-29 13:38:54,NIFTY,buy,50,25938.15
2025-12-29 13:38:54,NIFTY,buy,50,25938.75
2025-12-29 13:38:55,NIFTY,buy,50,25938.6
2025-12-29 13:38:55,NIFTY,buy,50,25937.95
2025-12-29 13:38:56,NIFTY,buy,50,25937.6
2025-12-29 13:38:56,NIFTY,buy,50,25937.05
2025-12-29 13:38:57,NIFTY,buy,50,25937.65
2025-12-29 13:38:57,NIFTY,buy,50,25938.8
2025-12-29 13:38:58,NIFTY,buy,50,25938.55
2025-12-29 13:38:58,NIFTY,buy,50,25938.05
2025-12-29 13:38:59,NIFTY,buy,50,25938.4
2025-12-29 13:38:59,NIFTY,buy,50,25937.45
2025-12-29 13:39:00,NIFTY,buy,50,25938.75
2025-12-29 13:39:00,NIFTY,buy,50,25937.2
2025-12-29 13:39:01,NIFTY,buy,50,25936.7
2025-12-29 13:39:01,NIFTY,buy,50,25937.35
2025-12-29 13:39:02,NIFTY,buy,50,25936.75
2025-12-29 13:39:02,NIFTY,buy,50,25937.5
2025-12-29 13:39:03,NIFTY,buy,50,25937.15
2025-12-29 13:39:03,NIFTY,buy,50,25937.1
2025-12-29 13:39:04,NIFTY,buy,50,25937.05
2025-12-29 13:39:04,NIFTY,buy,50,25937.15
2025-12-29 13:39:05,NIFTY,buy,50,25937.95
2025-12-29 13:39:05,NIFTY,buy,50,25937.15
2025-12-29 13:39:06,NIFTY,buy,50,25937.45
2025-12-29 13:39:06,NIFTY,buy,50,25937.4
2025-12-29 13:39:07,NIFTY,buy,50,25937.95
2025-12-29 13:39:07,NIFTY,buy,50,25936.9
2025-12-29 13:39:08,NIFTY,buy,50,25937.35
2025-12-29 13:39:08,NIFTY,buy,50,25939.0
2025-12-29 13:39:09,NIFTY,buy,50,25938.7
2025-12-29 13:39:09,NIFTY,buy,50,25937.0
2025-12-29 13:39:10,NIFTY,buy,50,25938.45
2025-12-29 13:39:10,NIFTY,buy,50,25937.3
2025-12-29 13:39:11,NIFTY,buy,50,25937.0
2025-12-29 13:39:11,NIFTY,buy,50,25936.95
2025-12-29 13:39:12,NIFTY,buy,50,25937.95
2025-12-29 13:39:12,NIFTY,buy,50,25937.6
2025-12-29 13:39:13,NIFTY,buy,50,25936.25
2025-12-29 13:39:13,NIFTY,buy,50,25936.05
2025-12-29 13:39:14,NIFTY,buy,50,25936.55
2025-12-29 13:39:14,NIFTY,buy,50,25937.75
2025-12-29 13:39:15,NIFTY,buy,50,25938.0
2025-12-29 13:39:15,NIFTY,buy,50,25936.2
2025-12-29 13:39:16,NIFTY,buy,50,25936.05
2025-12-29 13:39:16,NIFTY,buy,50,25936.8
2025-12-29 13:39:17,NIFTY,buy,50,25937.15
2025-12-29 13:39:17,NIFTY,buy,50,25937.7
2025-12-29 13:39:18,NIFTY,buy,50,25936.55
2025-12-29 13:39:18,NIFTY,buy,50,25936.7
2025-12-29 13:39:19,NIFTY,buy,50,25935.5
2025-12-29 13:39:19,NIFTY,buy,50,25935.3
2025-12-29 13:39:20,NIFTY,buy,50,25936.65
2025-12-29 13:39:20,NIFTY,buy,50,25936.3
2025-12-29 13:39:21,NIFTY,buy,50,25935.95
2025-12-29 13:39:21,NIFTY,buy,50,25936.0
2025-12-29 13:39:22,NIFTY,buy,50,25935.8
2025-12-29 13:39:22,NIFTY,buy,50,25935.6
2025-12-29 13:39:23,NIFTY,buy,50,25935.3
2025-12-29 13:39:23,NIFTY,buy,50,25935.8
2025-12-29 13:39:24,NIFTY,buy,50,25936.05
2025-12-29 13:39:24,NIFTY,buy,50,25935.85
2025-12-29 13:39:25,NIFTY,buy,50,25935.0
2025-12-29 13:39:25,NIFTY,buy,50,25935.1
2025-12-29 13:56:57,NIFTY,sell,50,25951.55,Put,25950
2025-12-29 15:12:43,NIFTY,sell,50,25943.0,Put,25950
2025-12-30 09:00:01,NIFTY,buy,50,25570.55,Put,25550
2025-12-30 09:00:02,NIFTY,sell,50,25578.95,Put,25600
2025-12-30 09:15:02,NIFTY,buy,50,25934.7,Put,25950
2025-12-30 09:15:02,NIFTY,sell,50,25935.75,Call,25950
2025-12-30 09:15:03,NIFTY,buy,50,25927.45,Call,25950
2025-12-30 09:15:03,NIFTY,sell,50,25925.25,Put,25950
2025-12-30 09:22:25,NIFTY,buy,50,25885.1,Put,25900
2025-12-30 09:22:25,NIFTY,sell,50,25886.25,Put,25900
2025-12-30 09:43:08,NIFTY,buy,50,25932.2,Put,25950
2025-12-30 09:43:09,NIFTY,sell,50,25933.1,Put,25950
2025-12-30 09:43:20,NIFTY,buy,50,25935.35,Put,25950
2025-12-30 09:43:20,NIFTY,sell,50,25935.8,Put,25950
2025-12-30 09:43:23,NIFTY,buy,50,25935.25,Put,25950
2025-12-30 09:43:23,NIFTY,sell,50,25935.7,Put,25950
2025-12-30 09:43:25,NIFTY,buy,50,25935.4,Put,25950
2025-12-30 09:43:25,NIFTY,sell,50,25933.75,Put,25950
2025-12-30 09:43:26,NIFTY,buy,50,25934.35,Put,25950
2025-12-30 09:43:27,NIFTY,sell,50,25934.15,Call,25950
2025-12-30 09:43:27,NIFTY,buy,50,25935.55,Call,25950
2025-12-30 09:43:28,NIFTY,sell,50,25935.35,Put,25950
2025-12-30 09:43:29,NIFTY,buy,50,25935.4,Put,25950
2025-12-30 09:43:29,NIFTY,sell,50,25935.3,Put,25950
2025-12-30 09:43:43,NIFTY,buy,50,25935.1,Put,25950
2025-12-30 09:43:44,NIFTY,sell,50,25936.15,Call,25950
2025-12-30 09:43:44,NIFTY,buy,50,25936.25,Call,25950
2025-12-30 09:43:45,NIFTY,sell,50,25936.7,Put,25950
2025-12-30 09:43:47,NIFTY,buy,50,25936.2,Put,25950
2025-12-30 09:43:47,NIFTY,sell,50,25934.85,Call,25950
2025-12-30 09:43:49,NIFTY,buy,50,25935.85,Call,25950
2025-12-30 09:43:49,NIFTY,sell,50,25936.0,Put,25950
2025-12-30 09:43:51,NIFTY,buy,50,25935.3,Put,25950
2025-12-30 09:43:51,NIFTY,sell,50,25936.25,Put,25950
2025-12-30 09:43:53,NIFTY,buy,50,25936.25,Put,25950
2025-12-30 09:43:53,NIFTY,sell,50,25936.35,Put,25950
2025-12-30 09:44:07,NIFTY,buy,50,25942.5,Put,25950
2025-12-30 09:44:08,NIFTY,sell,50,25942.0,Put,25950
2025-12-30 09:45:40,NIFTY,buy,50,25937.15,Put,25950
2025-12-30 09:45:41,NIFTY,sell,50,25936.8,Call,25950
2025-12-30 09:45:42,NIFTY,buy,50,25936.95,Call,25950
2025-12-30 09:45:42,NIFTY,sell,50,25938.05,Put,25950
2025-12-30 09:45:44,NIFTY,buy,50,25936.5,Put,25950
2025-12-30 09:45:44,NIFTY,sell,50,25936.2,Put,25950
2025-12-30 09:45:45,NIFTY,buy,50,25936.25,Put,25950
2025-12-30 09:45:46,NIFTY,sell,50,25937.6,Put,25950
2025-12-30 09:45:46,NIFTY,buy,50,25936.75,Put,25950
2025-12-30 09:45:47,NIFTY,sell,50,25935.9,Put,25950
2025-12-30 09:45:49,NIFTY,buy,50,25935.2,Put,25950
2025-12-30 09:45:49,NIFTY,sell,50,25934.8,Put,25950
2025-12-30 09:45:51,NIFTY,buy,50,25934.95,Put,25950
2025-12-30 09:45:52,NIFTY,sell,50,25933.4,Put,25950
2025-12-30 09:45:59,NIFTY,buy,50,25931.7,Put,25950
2025-12-30 09:45:59,NIFTY,sell,50,25931.7,Call,25950
2025-12-30 09:46:00,NIFTY,buy,50,25930.8,Call,25950
2025-12-30 09:46:01,NIFTY,sell,50,25932.2,Call,25950
2025-12-30 09:46:02,NIFTY,buy,50,25930.35,Call,25950
2025-12-30 09:46:02,NIFTY,sell,50,25929.35,Put,25950
2025-12-30 09:52:15,NIFTY,buy,50,25930.65,Put,25950
2025-12-30 09:52:15,NIFTY,sell,50,25930.25,Call,25950
2025-12-30 09:52:17,NIFTY,buy,50,25929.95,Call,25950
2025-12-30 09:52:18,NIFTY,sell,50,25930.6,Put,25950
2025-12-30 09:52:19,NIFTY,buy,50,25930.35,Put,25950
2025-12-30 09:52:19,NIFTY,sell,50,25930.7,Put,25950
2025-12-30 09:52:20,NIFTY,buy,50,25930.2,Put,25950
2025-12-30 09:52:20,NIFTY,sell,50,25929.85,Put,25950
2025-12-30 09:52:21,NIFTY,buy,50,25930.5,Put,25950
2025-12-30 09:52:21,NIFTY,sell,50,25930.55,Call,25950
2025-12-30 09:52:23,NIFTY,buy,50,25930.35,Call,25950
2025-12-30 09:52:23,NIFTY,sell,50,25930.8,Call,25950
2025-12-30 09:52:24,NIFTY,buy,50,25931.9,Call,25950
2025-12-30 09:52:25,NIFTY,sell,50,25932.8,Put,25950
2025-12-30 09:52:31,NIFTY,buy,50,25934.65,Put,25950
2025-12-30 09:52:32,NIFTY,sell,50,25934.5,Put,25950
2025-12-30 09:52:32,NIFTY,buy,50,25934.15,Put,25950
2025-12-30 09:52:33,NIFTY,sell,50,25934.2,Put,25950
2025-12-30 09:52:34,NIFTY,buy,50,25934.25,Put,25950
2025-12-30 09:52:35,NIFTY,sell,50,25935.1,Put,25950
2025-12-30 09:52:36,NIFTY,buy,50,25934.65,Put,25950
2025-12-30 09:52:36,NIFTY,sell,50,25935.4,Put,25950
2025-12-30 09:52:47,NIFTY,buy,50,25935.7,Put,25950
2025-12-30 09:52:48,NIFTY,sell,50,25936.1,Put,25950
2025-12-30 09:52:49,NIFTY,buy,50,25935.9,Put,25950
2025-12-30 09:52:50,NIFTY,sell,50,25937.1,Put,25950
2025-12-30 09:52:51,NIFTY,buy,50,25935.15,Put,25950
2025-12-30 09:52:51,NIFTY,sell,50,25935.35,Call,25950
2025-12-30 09:52:52,NIFTY,buy,50,25935.9,Call,25950
2025-12-30 09:52:52,NIFTY,sell,50,25932.5,Put,25950
2025-12-30 09:52:54,NIFTY,buy,50,25934.05,Put,25950
2025-12-30 09:52:55,NIFTY,sell,50,25936.7,Put,25950
2025-12-30 09:52:57,NIFTY,buy,50,25935.05,Put,25950
2025-12-30 09:52:57,NIFTY,sell,50,25935.0,Put,25950
2025-12-30 09:52:58,NIFTY,buy,50,25933.95,Put,25950
2025-12-30 09:52:59,NIFTY,sell,50,25934.1,Call,25950
2025-12-30 09:52:59,NIFTY,buy,50,25933.95,Call,25950
2025-12-30 09:53:00,NIFTY,sell,50,25934.65,Call,25950
2025-12-30 09:53:00,NIFTY,buy,50,25934.4,Call,25950
2025-12-30 09:53:01,NIFTY,sell,50,25935.55,Put,25950
2025-12-30 09:53:04,NIFTY,buy,50,25933.65,Put,25950
2025-12-30 09:53:05,NIFTY,sell,50,25935.5,Put,25950
2025-12-30 09:53:06,NIFTY,buy,50,25933.4,Put,25950
2025-12-30 09:53:07,NIFTY,sell,50,25933.6,Call,25950
2025-12-30 09:53:07,NIFTY,buy,50,25934.0,Call,25950
2025-12-30 09:53:08,NIFTY,sell,50,25933.95,Call,25950
2025-12-30 09:53:09,NIFTY,buy,50,25933.85,Call,25950
2025-12-30 09:53:10,NIFTY,sell,50,25933.55,Put,25950
2025-12-30 09:53:11,NIFTY,buy,50,25933.3,Put,25950
2025-12-30 09:53:12,NIFTY,sell,50,25932.6,Put,25950
2025-12-30 09:53:13,NIFTY,buy,50,25934.1,Put,25950
2025-12-30 09:53:13,NIFTY,sell,50,25934.3,Put,25950
2025-12-30 09:53:14,NIFTY,buy,50,25933.85,Put,25950
2025-12-30 09:53:14,NIFTY,sell,50,25933.6,Put,25950
2025-12-30 09:53:16,NIFTY,buy,50,25933.45,Put,25950
2025-12-30 09:53:17,NIFTY,sell,50,25933.05,Put,25950
2025-12-30 09:53:17,NIFTY,buy,50,25933.25,Put,25950
2025-12-30 09:53:18,NIFTY,sell,50,25932.95,Call,25950
2025-12-30 09:53:19,NIFTY,buy,50,25930.25,Call,25950
2025-12-30 09:53:20,NIFTY,sell,50,25930.3,Put,25950
2025-12-30 09:53:32,NIFTY,buy,50,25932.0,Put,25950
2025-12-30 09:53:32,NIFTY,sell,50,25930.95,Put,25950
2025-12-30 09:53:35,NIFTY,buy,50,25931.5,Put,25950
2025-12-30 09:53:36,NIFTY,sell,50,25931.45,Call,25950
2025-12-30 09:53:36,NIFTY,buy,50,25930.4,Call,25950
2025-12-30 09:53:37,NIFTY,sell,50,25930.15,Call,25950
2025-12-30 09:53:38,NIFTY,buy,50,25930.2,Call,25950
2025-12-30 09:53:38,NIFTY,sell,50,25930.45,Call,25950
2025-12-30 09:53:39,NIFTY,buy,50,25930.1,Call,25950
2025-12-30 09:53:39,NIFTY,sell,50,25930.85,Call,25950
2025-12-30 09:53:41,NIFTY,buy,50,25929.35,Call,25950
2025-12-30 09:53:41,NIFTY,sell,50,25930.9,Call,25950
2025-12-30 09:53:46,NIFTY,buy,50,25933.15,Call,25950
2025-12-30 09:53:46,NIFTY,sell,50,25932.35,Call,25950
2025-12-30 09:53:47,NIFTY,buy,50,25933.5,Call,25950
2025-12-30 09:53:48,NIFTY,sell,50,25933.2,Call,25950
2025-12-30 09:53:48,NIFTY,buy,50,25933.8,Call,25950
2025-12-30 09:53:49,NIFTY,sell,50,25932.25,Call,25950
2025-12-30 09:53:56,NIFTY,buy,50,25931.6,Call,25950
2025-12-30 09:53:57,NIFTY,sell,50,25931.7,Call,25950
2025-12-30 09:53:58,NIFTY,buy,50,25932.6,Call,25950
2025-12-30 09:53:59,NIFTY,sell,50,25932.4,Call,25950
2025-12-30 09:53:59,NIFTY,buy,50,25933.5,Call,25950
2025-12-30 09:54:00,NIFTY,sell,50,25932.9,Call,25950
2025-12-30 09:54:01,NIFTY,buy,50,25934.6,Call,25950
2025-12-30 09:54:01,NIFTY,sell,50,25933.5,Put,25950
2025-12-30 09:54:02,NIFTY,buy,50,25932.35,Put,25950
2025-12-30 09:54:03,NIFTY,sell,50,25932.7,Put,25950
2025-12-30 09:54:03,NIFTY,buy,50,25932.45,Put,25950
2025-12-30 09:54:04,NIFTY,sell,50,25932.45,Call,25950
2025-12-30 09:54:05,NIFTY,buy,50,25932.75,Call,25950
2025-12-30 09:54:05,NIFTY,sell,50,25932.9,Call,25950
2025-12-30 09:54:07,NIFTY,buy,50,25932.45,Call,25950
2025-12-30 09:54:07,NIFTY,sell,50,25932.4,Put,25950
2025-12-30 09:54:08,NIFTY,buy,50,25932.8,Put,25950
2025-12-30 09:54:09,NIFTY,sell,50,25932.6,Call,25950
2025-12-30 09:54:09,NIFTY,buy,50,25932.7,Call,25950
2025-12-30 09:54:10,NIFTY,sell,50,25933.6,Put,25950
2025-12-30 09:54:10,NIFTY,buy,50,25932.3,Put,25950
2025-12-30 09:54:11,NIFTY,sell,50,25932.45,Call,25950
2025-12-30 09:54:12,NIFTY,buy,50,25934.5,Call,25950
2025-12-30 09:54:13,NIFTY,sell,50,25934.85,Put,25950
2025-12-30 09:54:25,NIFTY,buy,50,25934.9,Put,25950
2025-12-30 09:54:25,NIFTY,sell,50,25933.65,Put,25950
2025-12-30 09:54:27,NIFTY,buy,50,25933.55,Put,25950
2025-12-30 09:54:28,NIFTY,sell,50,25933.0,Put,25950
2025-12-30 09:54:29,NIFTY,buy,50,25934.15,Put,25950
2025-12-30 09:54:29,NIFTY,sell,50,25934.1,Call,25950
2025-12-30 09:54:30,NIFTY,buy,50,25933.5,Call,25950
2025-12-30 09:54:30,NIFTY,sell,50,25934.15,Call,25950
2025-12-30 09:54:31,NIFTY,buy,50,25935.0,Call,25950
2025-12-30 09:54:31,NIFTY,sell,50,25934.2,Call,25950
2025-12-30 09:54:32,NIFTY,buy,50,25934.3,Call,25950
2025-12-30 09:54:32,NIFTY,sell,50,25933.3,Call,25950
2025-12-30 09:54:34,NIFTY,buy,50,25933.1,Call,25950
2025-12-30 09:54:35,NIFTY,sell,50,25934.15,Put,25950
2025-12-30 09:54:35,NIFTY,buy,50,25933.55,Put,25950
2025-12-30 09:54:36,NIFTY,sell,50,25932.85,Call,25950
2025-12-30 09:54:37,NIFTY,buy,50,25933.35,Call,25950
2025-12-30 09:54:37,NIFTY,sell,50,25933.05,Call,25950
2025-12-30 09:54:38,NIFTY,buy,50,25932.95,Call,25950
2025-12-30 09:54:38,NIFTY,sell,50,25932.95,Call,25950
2025-12-30 09:54:39,NIFTY,buy,50,25932.0,Call,25950
2025-12-30 09:54:39,NIFTY,sell,50,25932.65,Call,25950
2025-12-30 09:54:41,NIFTY,buy,50,25932.7,Call,25950
2025-12-30 09:54:41,NIFTY,sell,50,25930.25,Put,25950
2025-12-30 09:54:42,NIFTY,buy,50,25930.8,Put,25950
2025-12-30 09:54:43,NIFTY,sell,50,25929.6,Put,25950
2025-12-30 09:54:46,NIFTY,buy,50,25930.75,Put,25950
2025-12-30 09:54:47,NIFTY,sell,50,25930.9,Put,25950
2025-12-30 09:54:48,NIFTY,buy,50,25930.55,Put,25950
2025-12-30 09:54:49,NIFTY,sell,50,25931.1,Call,25950
2025-12-30 09:54:52,NIFTY,buy,50,25931.15,Call,25950
2025-12-30 09:54:52,NIFTY,sell,50,25931.25,Call,25950
2025-12-30 09:54:54,NIFTY,buy,50,25931.2,Call,25950
2025-12-30 09:54:55,NIFTY,sell,50,25932.4,Call,25950
2025-12-30 09:54:56,NIFTY,buy,50,25930.35,Call,25950
2025-12-30 09:54:57,NIFTY,sell,50,25930.55,Call,25950
2025-12-30 09:54:57,NIFTY,buy,50,25935.15,Call,25950
2025-12-30 09:54:58,NIFTY,sell,50,25933.75,Put,25950
2025-12-30 09:54:59,NIFTY,buy,50,25933.9,Put,25950
2025-12-30 09:54:59,NIFTY,sell,50,25933.35,Put,25950
2025-12-30 09:55:05,NIFTY,buy,50,25934.35,Put,25950
2025-12-30 09:55:06,NIFTY,sell,50,25935.25,Put,25950
2025-12-30 09:55:15,NIFTY,buy,50,25934.1,Put,25950
2025-12-30 09:55:16,NIFTY,sell,50,25935.3,Put,25950
2025-12-30 09:55:16,NIFTY,buy,50,25934.5,Put,25950
2025-12-30 09:55:17,NIFTY,sell,50,25935.0,Put,25950
2025-12-30 09:55:17,NIFTY,buy,50,25933.9,Put,25950
2025-12-30 09:55:18,NIFTY,sell,50,25934.65,Put,25950
2025-12-30 09:55:18,NIFTY,buy,50,25934.25,Put,25950
2025-12-30 09:55:19,NIFTY,sell,50,25932.85,Call,25950
2025-12-30 09:55:22,NIFTY,buy,50,25934.5,Call,25950
2025-12-30 09:55:22,NIFTY,sell,50,25933.8,Put,25950
2025-12-30 09:55:23,NIFTY,buy,50,25933.5,Put,25950
2025-12-30 09:55:23,NIFTY,sell,50,25933.5,Call,25950
2025-12-30 09:55:24,NIFTY,buy,50,25933.8,Call,25950
2025-12-30 09:55:25,NIFTY,sell,50,25935.45,Put,25950
2025-12-30 09:55:27,NIFTY,buy,50,25934.1,Put,25950
2025-12-30 09:55:28,NIFTY,sell,50,25935.4,Put,25950
2025-12-30 09:55:30,NIFTY,buy,50,25934.15,Put,25950
2025-12-30 09:55:31,NIFTY,sell,50,25935.15,Put,25950
2025-12-30 09:55:32,NIFTY,buy,50,25934.15,Put,25950
2025-12-30 09:55:32,NIFTY,sell,50,25933.2,Call,25950
2025-12-30 09:55:33,NIFTY,buy,50,25933.3,Call,25950
2025-12-30 09:55:34,NIFTY,sell,50,25933.55,Call,25950
2025-12-30 09:55:34,NIFTY,buy,50,25933.95,Call,25950
2025-12-30 09:55:35,NIFTY,sell,50,25935.25,Put,25950
2025-12-30 09:56:19,NIFTY,buy,50,25943.65,Put,25950
2025-12-30 09:56:20,NIFTY,sell,50,25944.15,Put,25950
2025-12-30 09:56:41,NIFTY,buy,50,25944.1,Put,25950
2025-12-30 09:56:42,NIFTY,sell,50,25944.2,Put,25950
2025-12-30 09:56:47,NIFTY,buy,50,25943.75,Put,25950
2025-12-30 09:56:47,NIFTY,sell,50,25942.75,Call,25950
2025-12-30 09:56:48,NIFTY,buy,50,25943.25,Call,25950
2025-12-30 09:56:49,NIFTY,sell,50,25943.5,Put,25950
2025-12-30 09:56:53,NIFTY,buy,50,25942.7,Put,25950
2025-12-30 09:56:54,NIFTY,sell,50,25942.7,Call,25950
2025-12-30 09:56:54,NIFTY,buy,50,25943.25,Call,25950
2025-12-30 09:56:55,NIFTY,sell,50,25944.75,Put,25950
2025-12-30 09:57:59,NIFTY,buy,50,25943.55,Put,25950
2025-12-30 09:57:59,NIFTY,sell,50,25943.45,Put,25950
2025-12-30 09:58:09,NIFTY,buy,50,25942.65,Put,25950
2025-12-30 09:58:10,NIFTY,sell,50,25943.2,Put,25950
2025-12-30 09:58:15,NIFTY,buy,50,25942.65,Put,25950
2025-12-30 09:58:15,NIFTY,sell,50,25943.75,Put,25950
2025-12-30 09:58:39,NIFTY,buy,50,25942.55,Put,25950
2025-12-30 09:58:39,NIFTY,sell,50,25942.55,Call,25950
2025-12-30 09:58:40,NIFTY,buy,50,25942.0,Call,25950
2025-12-30 09:58:40,NIFTY,sell,50,25942.6,Put,25950
2025-12-30 09:58:53,NIFTY,buy,50,25942.55,Put,25950
2025-12-30 09:58:53,NIFTY,sell,50,25942.75,Put,25950
2025-12-30 09:59:32,NIFTY,buy,50,25937.9,Put,25950
2025-12-30 09:59:32,NIFTY,sell,50,25937.2,Put,25950
2025-12-30 09:59:33,NIFTY,buy,50,25937.2,Put,25950
2025-12-30 09:59:33,NIFTY,sell,50,25936.65,Call,25950
2025-12-30 09:59:34,NIFTY,buy,50,25936.5,Call,25950
2025-12-30 09:59:34,NIFTY,sell,50,25936.85,Put,25950
2025-12-30 09:59:40,NIFTY,buy,50,25936.35,Put,25950
2025-12-30 09:59:40,NIFTY,sell,50,25935.55,Call,25950
2025-12-30 09:59:41,NIFTY,buy,50,25934.55,Call,25950
2025-12-30 09:59:41,NIFTY,sell,50,25934.3,Put,25950
2025-12-30 09:59:42,NIFTY,buy,50,25935.45,Put,25950
2025-12-30 09:59:43,NIFTY,sell,50,25935.3,Call,25950
2025-12-30 09:59:43,NIFTY,buy,50,25935.05,Call,25950
2025-12-30 09:59:44,NIFTY,sell,50,25935.55,Put,25950
2025-12-30 09:59:52,NIFTY,buy,50,25935.2,Put,25950
2025-12-30 09:59:52,NIFTY,sell,50,25935.7,Put,25950
2025-12-30 09:59:53,NIFTY,buy,50,25935.65,Put,25950
2025-12-30 09:59:53,NIFTY,sell,50,25934.6,Put,25950
2025-12-30 09:59:54,NIFTY,buy,50,25934.35,Put,25950
2025-12-30 09:59:55,NIFTY,sell,50,25935.25,Call,25950
2025-12-30 09:59:56,NIFTY,buy,50,25934.65,Call,25950
2025-12-30 09:59:56,NIFTY,sell,50,25934.85,Put,25950
2025-12-30 09:59:57,NIFTY,buy,50,25935.0,Put,25950
2025-12-30 09:59:57,NIFTY,sell,50,25935.4,Put,25950
2025-12-30 09:59:58,NIFTY,buy,50,25935.45,Put,25950
2025-12-30 09:59:59,NIFTY,sell,50,25935.6,Put,25950
2025-12-30 10:00:06,NIFTY,buy,50,25935.25,Put,25950
2025-12-30 10:00:07,NIFTY,sell,50,25935.15,Call,25950
2025-12-30 10:00:09,NIFTY,buy,50,25936.0,Call,25950
2025-12-30 10:00:09,NIFTY,sell,50,25935.75,Put,25950
2025-12-30 10:00:12,NIFTY,buy,50,25935.35,Put,25950
2025-12-30 10:00:12,NIFTY,sell,50,25937.4,Put,25950
2025-12-30 10:00:19,NIFTY,buy,50,25936.15,Put,25950
2025-12-30 10:00:20,NIFTY,sell,50,25936.15,Put,25950
2025-12-30 10:00:31,NIFTY,buy,50,25936.95,Put,25950
2025-12-30 10:00:33,NIFTY,sell,50,25937.1,Call,25950
2025-12-30 10:00:35,NIFTY,buy,50,25937.45,Call,25950
2025-12-30 10:00:35,NIFTY,sell,50,25936.85,Call,25950
2025-12-30 10:00:37,NIFTY,buy,50,25937.0,Call,25950
2025-12-30 10:00:37,NIFTY,sell,50,25937.1,Call,25950
2025-12-30 10:00:39,NIFTY,buy,50,25936.65,Call,25950
2025-12-30 10:00:39,NIFTY,sell,50,25936.7,Put,25950
2025-12-30 10:00:39,NIFTY,buy,50,25936.15,Put,25950
2025-12-30 10:00:40,NIFTY,sell,50,25936.35,Put,25950
2025-12-30 10:00:47,NIFTY,buy,50,25935.2,Put,25950
2025-12-30 10:00:48,NIFTY,sell,50,25935.25,Call,25950
2025-12-30 10:00:49,NIFTY,buy,50,25935.25,Call,25950
2025-12-30 10:00:50,NIFTY,sell,50,25935.05,Put,25950
2025-12-30 10:00:51,NIFTY,buy,50,25935.15,Put,25950
2025-12-30 10:00:52,NIFTY,sell,50,25934.75,Put,25950
2025-12-30 10:00:52,NIFTY,buy,50,25935.55,Put,25950
2025-12-30 10:00:53,NIFTY,sell,50,25936.25,Put,25950
2025-12-30 10:00:59,NIFTY,buy,50,25934.6,Put,25950
2025-12-30 10:01:00,NIFTY,sell,50,25935.2,Call,25950
2025-12-30 10:01:00,NIFTY,buy,50,25934.85,Call,25950
2025-12-30 10:01:01,NIFTY,sell,50,25935.25,Put,25950
2025-12-30 10:01:02,NIFTY,buy,50,25935.05,Put,25950
2025-12-30 10:01:02,NIFTY,sell,50,25934.7,Call,25950
2025-12-30 10:01:03,NIFTY,buy,50,25934.85,Call,25950
2025-12-30 10:01:04,NIFTY,sell,50,25934.8,Call,25950
2025-12-30 10:01:04,NIFTY,buy,50,25932.3,Call,25950
2025-12-30 10:01:05,NIFTY,sell,50,25934.1,Call,25950
2025-12-30 10:01:05,NIFTY,buy,50,25933.95,Call,25950
2025-12-30 10:01:06,NIFTY,sell,50,25934.05,Call,25950
2025-12-30 10:01:06,NIFTY,buy,50,25934.0,Call,25950
2025-12-30 10:01:07,NIFTY,sell,50,25933.75,Call,25950
2025-12-30 10:01:07,NIFTY,buy,50,25932.9,Call,25950
2025-12-30 10:01:08,NIFTY,sell,50,25933.1,Put,25950
2025-12-30 10:01:08,NIFTY,buy,50,25933.8,Put,25950
2025-12-30 10:01:09,NIFTY,sell,50,25933.8,Call,25950
2025-12-30 10:01:10,NIFTY,buy,50,25934.05,Call,25950
2025-12-30 10:01:10,NIFTY,sell,50,25934.1,Call,25950
2025-12-30 10:01:11,NIFTY,buy,50,25934.2,Call,25950
2025-12-30 10:01:12,NIFTY,sell,50,25934.35,Put,25950
2025-12-30 10:01:13,NIFTY,buy,50,25934.3,Put,25950
2025-12-30 10:01:13,NIFTY,sell,50,25933.6,Put,25950
2025-12-30 10:01:14,NIFTY,buy,50,25934.05,Put,25950
2025-12-30 10:01:14,NIFTY,sell,50,25933.0,Call,25950
2025-12-30 10:01:15,NIFTY,buy,50,25934.8,Call,25950
2025-12-30 10:01:15,NIFTY,sell,50,25933.75,Call,25950
2025-12-30 10:01:16,NIFTY,buy,50,25933.5,Call,25950
2025-12-30 10:01:17,NIFTY,sell,50,25933.5,Put,25950
2025-12-30 10:01:17,NIFTY,buy,50,25931.75,Put,25950
2025-12-30 10:01:18,NIFTY,sell,50,25931.9,Call,25950
2025-12-30 10:01:22,NIFTY,buy,50,25931.1,Call,25950
2025-12-30 10:01:22,NIFTY,sell,50,25931.85,Call,25950
2025-12-30 10:01:24,NIFTY,buy,50,25929.25,Call,25950
2025-12-30 10:01:25,NIFTY,sell,50,25931.65,Call,25950
2025-12-30 10:01:26,NIFTY,buy,50,25930.15,Call,25950
2025-12-30 10:01:26,NIFTY,sell,50,25929.5,Put,25950
2025-12-30 10:02:08,NIFTY,buy,50,25930.65,Put,25950
2025-12-30 10:02:08,NIFTY,sell,50,25931.55,Put,25950
2025-12-30 10:02:11,NIFTY,buy,50,25930.65,Put,25950
2025-12-30 10:02:12,NIFTY,sell,50,25930.05,Call,25950
2025-12-30 10:02:13,NIFTY,buy,50,25930.9,Call,25950
2025-12-30 10:02:13,NIFTY,sell,50,25929.65,Put,25950
2025-12-30 10:02:14,NIFTY,buy,50,25931.4,Put,25950
2025-12-30 10:02:14,NIFTY,sell,50,25929.95,Put,25950
2025-12-30 10:02:16,NIFTY,buy,50,25930.15,Put,25950
2025-12-30 10:02:16,NIFTY,sell,50,25930.05,Call,25950
2025-12-30 10:02:18,NIFTY,buy,50,25932.65,Call,25950
2025-12-30 10:02:18,NIFTY,sell,50,25932.7,Put,25950
2025-12-30 10:02:19,NIFTY,buy,50,25932.2,Put,25950
2025-12-30 10:02:19,NIFTY,sell,50,25932.45,Call,25950
2025-12-30 10:02:20,NIFTY,buy,50,25933.75,Call,25950
2025-12-30 10:02:21,NIFTY,sell,50,25935.05,Put,25950
2025-12-30 10:02:38,NIFTY,buy,50,25935.5,Put,25950
2025-12-30 10:02:39,NIFTY,sell,50,25935.6,Call,25950
2025-12-30 10:02:39,NIFTY,buy,50,25935.55,Call,25950
2025-12-30 10:02:40,NIFTY,sell,50,25935.55,Call,25950
2025-12-30 10:02:40,NIFTY,buy,50,25935.85,Call,25950
2025-12-30 10:02:41,NIFTY,sell,50,25936.2,Put,25950
2025-12-30 10:02:50,NIFTY,buy,50,25935.45,Put,25950
2025-12-30 10:02:51,NIFTY,sell,50,25935.7,Call,25950
2025-12-30 10:02:51,NIFTY,buy,50,25935.95,Call,25950
2025-12-30 10:02:52,NIFTY,sell,50,25937.7,Put,25950
2025-12-30 10:02:59,NIFTY,buy,50,25936.5,Put,25950
2025-12-30 10:03:00,NIFTY,sell,50,25936.35,Call,25950
2025-12-30 10:03:01,NIFTY,buy,50,25935.4,Call,25950
2025-12-30 10:03:01,NIFTY,sell,50,25934.65,Put,25950
2025-12-30 10:03:02,NIFTY,buy,50,25936.35,Put,25950
2025-12-30 10:03:03,NIFTY,sell,50,25934.8,Put,25950
2025-12-30 10:03:04,NIFTY,buy,50,25934.9,Put,25950
2025-12-30 10:03:04,NIFTY,sell,50,25934.8,Call,25950
2025-12-30 10:03:05,NIFTY,buy,50,25936.6,Call,25950
2025-12-30 10:03:05,NIFTY,sell,50,25935.5,Put,25950
2025-12-30 10:03:06,NIFTY,buy,50,25935.25,Put,25950
2025-12-30 10:03:07,NIFTY,sell,50,25935.5,Call,25950
2025-12-30 10:03:08,NIFTY,buy,50,25935.55,Call,25950
2025-12-30 10:03:08,NIFTY,sell,50,25935.4,Put,25950
2025-12-30 10:03:09,NIFTY,buy,50,25935.75,Put,25950
2025-12-30 10:03:10,NIFTY,sell,50,25935.55,Put,25950
2025-12-30 10:03:14,NIFTY,buy,50,25934.55,Put,25950
2025-12-30 10:03:15,NIFTY,sell,50,25936.0,Put,25950
2025-12-30 10:03:18,NIFTY,buy,50,25935.35,Put,25950
2025-12-30 10:03:19,NIFTY,sell,50,25935.75,Put,25950
2025-12-30 10:03:19,NIFTY,buy,50,25935.6,Put,25950
2025-12-30 10:03:20,NIFTY,sell,50,25935.65,Put,25950
2025-12-30 10:03:22,NIFTY,buy,50,25935.5,Put,25950
2025-12-30 10:03:22,NIFTY,sell,50,25934.5,Put,25950
2025-12-30 10:03:24,NIFTY,buy,50,25934.6,Put,25950
2025-12-30 10:03:24,NIFTY,sell,50,25933.65,Put,25950
2025-12-30 10:03:25,NIFTY,buy,50,25933.9,Put,25950
2025-12-30 10:03:26,NIFTY,sell,50,25933.15,Call,25950
2025-12-30 10:03:26,NIFTY,buy,50,25933.2,Call,25950
2025-12-30 10:03:27,NIFTY,sell,50,25933.35,Put,25950
2025-12-30 10:03:28,NIFTY,buy,50,25932.25,Put,25950
2025-12-30 10:03:29,NIFTY,sell,50,25932.25,Put,25950
2025-12-30 10:03:29,NIFTY,buy,50,25933.05,Put,25950
2025-12-30 10:03:30,NIFTY,sell,50,25933.3,Put,25950
2025-12-30 10:03:30,NIFTY,buy,50,25933.4,Put,25950
2025-12-30 10:03:31,NIFTY,sell,50,25933.55,Call,25950
2025-12-30 10:03:32,NIFTY,buy,50,25932.5,Call,25950
2025-12-30 10:03:32,NIFTY,sell,50,25931.8,Put,25950
2025-12-30 10:03:33,NIFTY,buy,50,25931.65,Put,25950
2025-12-30 10:03:34,NIFTY,sell,50,25931.9,Call,25950
2025-12-30 10:03:39,NIFTY,buy,50,25933.4,Call,25950
2025-12-30 10:03:39,NIFTY,sell,50,25933.0,Put,25950
2025-12-30 10:03:40,NIFTY,buy,50,25933.35,Put,25950
2025-12-30 10:03:41,NIFTY,sell,50,25932.95,Put,25950
2025-12-30 10:03:42,NIFTY,buy,50,25932.7,Put,25950
2025-12-30 10:03:42,NIFTY,sell,50,25934.35,Put,25950
2025-12-30 10:03:43,NIFTY,buy,50,25933.5,Put,25950
2025-12-30 10:03:43,NIFTY,sell,50,25934.3,Put,25950
2025-12-30 10:03:47,NIFTY,buy,50,25934.4,Put,25950
2025-12-30 10:03:48,NIFTY,sell,50,25935.25,Put,25950
2025-12-30 10:03:51,NIFTY,buy,50,25934.35,Put,25950
2025-12-30 10:03:52,NIFTY,sell,50,25934.1,Call,25950
2025-12-30 10:03:52,NIFTY,buy,50,25934.05,Call,25950
2025-12-30 10:03:53,NIFTY,sell,50,25933.6,Put,25950
2025-12-30 10:03:57,NIFTY,buy,50,25934.35,Put,25950
2025-12-30 10:03:57,NIFTY,sell,50,25933.6,Put,25950
2025-12-30 10:03:58,NIFTY,buy,50,25933.1,Put,25950
2025-12-30 10:03:59,NIFTY,sell,50,25933.55,Call,25950
2025-12-30 10:03:59,NIFTY,buy,50,25933.65,Call,25950
2025-12-30 10:04:00,NIFTY,sell,50,25933.25,Put,25950
2025-12-30 10:04:00,NIFTY,buy,50,25933.7,Put,25950
2025-12-30 10:04:01,NIFTY,sell,50,25936.0,Put,25950
2025-12-30 10:04:08,NIFTY,buy,50,25934.3,Put,25950
2025-12-30 10:04:08,NIFTY,sell,50,25935.65,Put,25950
2025-12-30 10:04:09,NIFTY,buy,50,25935.75,Put,25950
2025-12-30 10:04:09,NIFTY,sell,50,25935.2,Call,25950
2025-12-30 10:04:10,NIFTY,buy,50,25935.85,Call,25950
2025-12-30 10:04:10,NIFTY,sell,50,25935.7,Put,25950
2025-12-30 10:04:11,NIFTY,buy,50,25934.3,Put,25950
2025-12-30 10:04:11,NIFTY,sell,50,25935.0,Put,25950
2025-12-30 10:04:12,NIFTY,buy,50,25935.4,Put,25950
2025-12-30 10:04:12,NIFTY,sell,50,25934.7,Call,25950
2025-12-30 10:04:13,NIFTY,buy,50,25934.6,Call,25950
2025-12-30 10:04:14,NIFTY,sell,50,25934.7,Put,25950
2025-12-30 10:04:16,NIFTY,buy,50,25934.65,Put,25950
2025-12-30 10:04:16,NIFTY,sell,50,25934.45,Call,25950
2025-12-30 10:04:17,NIFTY,buy,50,25933.95,Call,25950
2025-12-30 10:04:17,NIFTY,sell,50,25933.5,Put,25950
2025-12-30 10:04:29,NIFTY,buy,50,25934.6,Put,25950
2025-12-30 10:04:30,NIFTY,sell,50,25934.6,Call,25950
2025-12-30 10:04:31,NIFTY,buy,50,25935.65,Call,25950
2025-12-30 10:04:31,NIFTY,sell,50,25935.1,Put,25950
2025-12-30 10:04:32,NIFTY,buy,50,25933.9,Put,25950
2025-12-30 10:04:33,NIFTY,sell,50,25933.6,Put,25950
2025-12-30 10:04:33,NIFTY,buy,50,25933.7,Put,25950
2025-12-30 10:04:34,NIFTY,sell,50,25934.2,Put,25950
2025-12-30 10:04:36,NIFTY,buy,50,25934.0,Put,25950
2025-12-30 10:04:37,NIFTY,sell,50,25933.5,Call,25950
2025-12-30 10:04:38,NIFTY,buy,50,25934.0,Call,25950
2025-12-30 10:04:38,NIFTY,sell,50,25933.7,Put,25950
2025-12-30 10:04:39,NIFTY,buy,50,25933.15,Put,25950
2025-12-30 10:04:40,NIFTY,sell,50,25932.1,Call,25950
2025-12-30 10:04:41,NIFTY,buy,50,25933.6,Call,25950
2025-12-30 10:04:42,NIFTY,sell,50,25933.25,Call,25950
2025-12-30 10:04:43,NIFTY,buy,50,25933.6,Call,25950
2025-12-30 10:04:43,NIFTY,sell,50,25933.6,Put,25950
2025-12-30 10:04:44,NIFTY,buy,50,25933.15,Put,25950
2025-12-30 10:04:45,NIFTY,sell,50,25933.9,Put,25950
2025-12-30 10:04:46,NIFTY,buy,50,25933.75,Put,25950
2025-12-30 10:04:47,NIFTY,sell,50,25933.45,Put,25950
2025-12-30 10:04:47,NIFTY,buy,50,25933.0,Put,25950
2025-12-30 10:04:48,NIFTY,sell,50,25933.45,Call,25950
2025-12-30 10:04:48,NIFTY,buy,50,25933.5,Call,25950
2025-12-30 10:04:49,NIFTY,sell,50,25933.2,Call,25950
2025-12-30 10:04:50,NIFTY,buy,50,25932.55,Call,25950
2025-12-30 10:04:50,NIFTY,sell,50,25932.85,Call,25950
2025-12-30 10:04:52,NIFTY,buy,50,25933.85,Call,25950
2025-12-30 10:04:52,NIFTY,sell,50,25933.9,Call,25950
2025-12-30 10:04:56,NIFTY,buy,50,25932.75,Call,25950
2025-12-30 10:04:56,NIFTY,sell,50,25932.65,Put,25950
2025-12-30 10:04:57,NIFTY,buy,50,25933.0,Put,25950
2025-12-30 10:04:57,NIFTY,sell,50,25932.75,Put,25950
2025-12-30 10:04:58,NIFTY,buy,50,25932.7,Put,25950
2025-12-30 10:04:59,NIFTY,sell,50,25932.75,Call,25950
2025-12-30 10:04:59,NIFTY,buy,50,25932.35,Call,25950
2025-12-30 10:05:00,NIFTY,sell,50,25932.15,Call,25950
2025-12-30 10:05:02,NIFTY,buy,50,25931.6,Call,25950
2025-12-30 10:05:02,NIFTY,sell,50,25930.65,Put,25950
2025-12-30 10:05:05,NIFTY,buy,50,25932.0,Put,25950
2025-12-30 10:05:05,NIFTY,sell,50,25931.9,Call,25950
2025-12-30 10:05:15,NIFTY,buy,50,25932.4,Call,25950
2025-12-30 10:05:15,NIFTY,sell,50,25931.85,Call,25950
2025-12-30 10:05:19,NIFTY,buy,50,25931.6,Call,25950
2025-12-30 10:05:19,NIFTY,sell,50,25931.25,Call,25950
2025-12-30 10:05:21,NIFTY,buy,50,25930.5,Call,25950
2025-12-30 10:05:22,NIFTY,sell,50,25930.75,Put,25950
2025-12-30 10:05:22,NIFTY,buy,50,25930.55,Put,25950
2025-12-30 10:05:23,NIFTY,sell,50,25930.45,Put,25950
2025-12-30 10:05:25,NIFTY,buy,50,25930.85,Put,25950
2025-12-30 10:05:25,NIFTY,sell,50,25930.3,Put,25950
2025-12-30 10:05:28,NIFTY,buy,50,25930.5,Put,25950
2025-12-30 10:05:28,NIFTY,sell,50,25930.45,Call,25950
2025-12-30 10:05:29,NIFTY,buy,50,25930.35,Call,25950
2025-12-30 10:05:29,NIFTY,sell,50,25930.1,Put,25950
2025-12-30 10:05:32,NIFTY,buy,50,25930.8,Put,25950
2025-12-30 10:05:32,NIFTY,sell,50,25930.15,Put,25950
2025-12-30 10:05:42,NIFTY,buy,50,25931.1,Put,25950
2025-12-30 10:05:43,NIFTY,sell,50,25929.4,Put,25950
2025-12-30 10:05:43,NIFTY,buy,50,25930.05,Put,25950
2025-12-30 10:05:44,NIFTY,sell,50,25930.15,Call,25950
2025-12-30 10:05:44,NIFTY,buy,50,25930.05,Call,25950
2025-12-30 10:05:45,NIFTY,sell,50,25931.2,Call,25950
2025-12-30 10:05:47,NIFTY,buy,50,25928.8,Call,25950
2025-12-30 10:05:48,NIFTY,sell,50,25929.6,Put,25950
2025-12-30 10:05:49,NIFTY,buy,50,25930.45,Put,25950
2025-12-30 10:05:49,NIFTY,sell,50,25930.75,Call,25950
2025-12-30 10:05:52,NIFTY,buy,50,25929.75,Call,25950
2025-12-30 10:05:52,NIFTY,sell,50,25931.15,Call,25950
2025-12-30 10:06:01,NIFTY,buy,50,25932.6,Call,25950
2025-12-30 10:06:01,NIFTY,sell,50,25932.25,Call,25950
2025-12-30 10:06:04,NIFTY,buy,50,25930.8,Call,25950
2025-12-30 10:06:04,NIFTY,sell,50,25930.05,Put,25950
2025-12-30 10:06:05,NIFTY,buy,50,25931.05,Put,25950
2025-12-30 10:06:05,NIFTY,sell,50,25931.15,Call,25950
2025-12-30 10:06:07,NIFTY,buy,50,25930.85,Call,25950
2025-12-30 10:06:07,NIFTY,sell,50,25931.15,Call,25950
2025-12-30 10:06:11,NIFTY,buy,50,25930.4,Call,25950
2025-12-30 10:06:12,NIFTY,sell,50,25930.35,Call,25950
2025-12-30 10:06:17,NIFTY,buy,50,25930.15,Call,25950
2025-12-30 10:06:18,NIFTY,sell,50,25930.1,Put,25950
2025-12-30 10:06:18,NIFTY,buy,50,25930.7,Put,25950
2025-12-30 10:06:19,NIFTY,sell,50,25930.7,Call,25950
2025-12-30 10:06:21,NIFTY,buy,50,25930.4,Call,25950
2025-12-30 10:06:21,NIFTY,sell,50,25930.4,Put,25950
2025-12-30 10:06:22,NIFTY,buy,50,25930.85,Put,25950
2025-12-30 10:06:23,NIFTY,sell,50,25930.85,Call,25950
2025-12-30 10:06:23,NIFTY,buy,50,25930.25,Call,25950
2025-12-30 10:06:24,NIFTY,sell,50,25930.35,Call,25950
2025-12-30 10:06:26,NIFTY,buy,50,25929.9,Call,25950
2025-12-30 10:06:26,NIFTY,sell,50,25930.5,Put,25950
2025-12-30 10:06:27,NIFTY,buy,50,25931.05,Put,25950
2025-12-30 10:06:27,NIFTY,sell,50,25930.65,Call,25950
2025-12-30 10:06:29,NIFTY,buy,50,25930.05,Call,25950
2025-12-30 10:06:30,NIFTY,sell,50,25929.65,Put,25950
2025-12-30 10:06:31,NIFTY,buy,50,25930.75,Put,25950
2025-12-30 10:06:31,NIFTY,sell,50,25930.25,Put,25950
2025-12-30 10:07:35,NIFTY,buy,50,25930.6,Put,25950
2025-12-30 10:07:35,NIFTY,sell,50,25930.1,Call,25950
2025-12-30 10:07:36,NIFTY,buy,50,25929.65,Call,25950
2025-12-30 10:07:36,NIFTY,sell,50,25929.65,Put,25950
2025-12-30 10:07:39,NIFTY,buy,50,25930.25,Put,25950
2025-12-30 10:07:39,NIFTY,sell,50,25930.15,Call,25950
2025-12-30 10:07:40,NIFTY,buy,50,25930.5,Call,25950
2025-12-30 10:07:41,NIFTY,sell,50,25930.45,Put,25950
2025-12-30 10:07:43,NIFTY,buy,50,25930.25,Put,25950
2025-12-30 10:07:44,NIFTY,sell,50,25930.0,Call,25950
2025-12-30 10:07:44,NIFTY,buy,50,25930.0,Call,25950
2025-12-30 10:07:45,NIFTY,sell,50,25930.85,Call,25950
2025-12-30 10:07:45,NIFTY,buy,50,25930.5,Call,25950
2025-12-30 10:07:46,NIFTY,sell,50,25930.4,Call,25950
2025-12-30 10:07:46,NIFTY,buy,50,25930.05,Call,25950
2025-12-30 10:07:47,NIFTY,sell,50,25929.95,Put,25950
2025-12-30 10:11:15,NIFTY,buy,50,25931.85,Put,25950
2025-12-30 10:11:15,NIFTY,sell,50,25931.25,Call,25950
2025-12-30 10:11:17,NIFTY,buy,50,25930.45,Call,25950
2025-12-30 10:11:17,NIFTY,sell,50,25930.3,Put,25950
2025-12-30 10:11:19,NIFTY,buy,50,25930.7,Put,25950
2025-12-30 10:11:19,NIFTY,sell,50,25931.0,Call,25950
2025-12-30 10:11:20,NIFTY,buy,50,25930.55,Call,25950
2025-12-30 10:11:20,NIFTY,sell,50,25931.1,Call,25950
2025-12-30 10:11:21,NIFTY,buy,50,25930.3,Call,25950
2025-12-30 10:11:21,NIFTY,sell,50,25930.75,Call,25950
2025-12-30 10:11:22,NIFTY,buy,50,25930.85,Call,25950
2025-12-30 10:11:23,NIFTY,sell,50,25930.15,Put,25950
2025-12-30 10:11:24,NIFTY,buy,50,25930.7,Put,25950
2025-12-30 10:11:25,NIFTY,sell,50,25931.8,Call,25950
2025-12-30 10:11:26,NIFTY,buy,50,25929.95,Call,25950
2025-12-30 10:11:27,NIFTY,sell,50,25930.0,Put,25950
2025-12-30 10:11:31,NIFTY,buy,50,25931.8,Put,25950
2025-12-30 10:11:31,NIFTY,sell,50,25930.75,Call,25950
2025-12-30 10:11:32,NIFTY,buy,50,25929.85,Call,25950
2025-12-30 10:11:33,NIFTY,sell,50,25929.55,Put,25950
2025-12-30 10:11:34,NIFTY,buy,50,25930.0,Put,25950
2025-12-30 10:11:34,NIFTY,sell,50,25929.55,Put,25950
2025-12-30 10:11:35,NIFTY,buy,50,25931.1,Put,25950
2025-12-30 10:11:35,NIFTY,sell,50,25930.55,Call,25950
2025-12-30 10:11:36,NIFTY,buy,50,25929.65,Call,25950
2025-12-30 10:11:37,NIFTY,sell,50,25928.95,Put,25950
2025-12-30 10:11:47,NIFTY,buy,50,25932.0,Put,25950
2025-12-30 10:11:48,NIFTY,sell,50,25930.1,Put,25950
2025-12-30 10:11:51,NIFTY,buy,50,25930.3,Put,25950
2025-12-30 10:11:51,NIFTY,sell,50,25931.25,Put,25950
2025-12-30 10:11:52,NIFTY,buy,50,25930.6,Put,25950
2025-12-30 10:11:53,NIFTY,sell,50,25930.1,Call,25950
2025-12-30 10:11:53,NIFTY,buy,50,25929.8,Call,25950
2025-12-30 10:11:54,NIFTY,sell,50,25930.2,Call,25950
2025-12-30 10:11:54,NIFTY,buy,50,25929.3,Call,25950
2025-12-30 10:11:55,NIFTY,sell,50,25929.85,Put,25950
2025-12-30 10:12:01,NIFTY,buy,50,25930.4,Put,25950
2025-12-30 10:12:01,NIFTY,sell,50,25930.15,Put,25950
2025-12-30 10:12:02,NIFTY,buy,50,25930.15,Put,25950
2025-12-30 10:12:02,NIFTY,sell,50,25929.15,Put,25950
2025-12-30 10:12:15,NIFTY,buy,50,25930.15,Put,25950
2025-12-30 10:12:16,NIFTY,sell,50,25930.45,Put,25950
2025-12-30 10:12:16,NIFTY,buy,50,25930.45,Put,25950
2025-12-30 10:12:17,NIFTY,sell,50,25930.5,Call,25950
2025-12-30 10:12:17,NIFTY,buy,50,25930.15,Call,25950
2025-12-30 10:12:18,NIFTY,sell,50,25930.05,Put,25950
2025-12-30 10:12:19,NIFTY,buy,50,25930.55,Put,25950
2025-12-30 10:12:20,NIFTY,sell,50,25929.9,Put,25950
2025-12-30 10:12:21,NIFTY,buy,50,25931.15,Put,25950
2025-12-30 10:12:21,NIFTY,sell,50,25930.4,Put,25950
2025-12-30 10:12:23,NIFTY,buy,50,25931.55,Put,25950
2025-12-30 10:12:24,NIFTY,sell,50,25930.5,Call,25950
2025-12-30 10:12:27,NIFTY,buy,50,25930.4,Call,25950
2025-12-30 10:12:27,NIFTY,sell,50,25930.1,Put,25950
2025-12-30 10:12:28,NIFTY,buy,50,25930.65,Put,25950
2025-12-30 10:12:29,NIFTY,sell,50,25929.75,Put,25950
2025-12-30 10:12:29,NIFTY,buy,50,25931.6,Put,25950
2025-12-30 10:12:30,NIFTY,sell,50,25931.05,Call,25950
2025-12-30 10:12:31,NIFTY,buy,50,25930.15,Call,25950
2025-12-30 10:12:31,NIFTY,sell,50,25932.65,Call,25950
2025-12-30 10:12:35,NIFTY,buy,50,25932.85,Call,25950
2025-12-30 10:12:35,NIFTY,sell,50,25934.2,Put,25950
2025-12-30 10:14:41,NIFTY,buy,50,25943.3,Put,25950
2025-12-30 10:14:41,NIFTY,sell,50,25944.05,Put,25950
2025-12-30 10:14:44,NIFTY,buy,50,25943.5,Put,25950
2025-12-30 10:14:45,NIFTY,sell,50,25944.0,Put,25950
2025-12-30 10:14:47,NIFTY,buy,50,25943.55,Put,25950
2025-12-30 10:14:47,NIFTY,sell,50,25942.6,Call,25950
2025-12-30 10:14:48,NIFTY,buy,50,25942.25,Call,25950
2025-12-30 10:14:48,NIFTY,sell,50,25942.45,Call,25950
2025-12-30 10:14:49,NIFTY,buy,50,25942.9,Call,25950
2025-12-30 10:14:49,NIFTY,sell,50,25942.35,Put,25950
2025-12-30 10:14:50,NIFTY,buy,50,25942.65,Put,25950
2025-12-30 10:14:51,NIFTY,sell,50,25942.15,Put,25950
2025-12-30 10:14:52,NIFTY,buy,50,25942.85,Put,25950
2025-12-30 10:14:52,NIFTY,sell,50,25943.0,Put,25950
2025-12-30 10:20:16,NIFTY,buy,50,25959.45,Put,25950
2025-12-30 10:20:16,NIFTY,sell,50,25960.6,Put,25950
2025-12-30 10:20:16,NIFTY,buy,50,25959.7,Put,25950
2025-12-30 10:20:17,NIFTY,sell,50,25959.75,Call,25950
2025-12-30 10:20:35,NIFTY,buy,50,25961.5,Call,25950
2025-12-30 10:20:36,NIFTY,sell,50,25961.35,Call,25950
2025-12-30 10:21:29,NIFTY,buy,50,25962.0,Call,25950
2025-12-30 10:21:29,NIFTY,sell,50,25962.2,Put,25950
2025-12-30 10:21:31,NIFTY,buy,50,25962.9,Put,25950
2025-12-30 10:21:31,NIFTY,sell,50,25962.45,Put,25950
2025-12-30 10:21:33,NIFTY,buy,50,25962.15,Put,25950
2025-12-30 10:21:34,NIFTY,sell,50,25961.85,Call,25950
2025-12-30 10:21:34,NIFTY,buy,50,25960.8,Call,25950
2025-12-30 10:21:35,NIFTY,sell,50,25962.95,Call,25950
2025-12-30 10:21:49,NIFTY,buy,50,25959.2,Call,25950
2025-12-30 10:21:50,NIFTY,sell,50,25959.2,Put,25950
2025-12-30 10:21:55,NIFTY,buy,50,25958.85,Put,25950
2025-12-30 10:21:55,NIFTY,sell,50,25958.45,Call,25950
2025-12-30 10:21:56,NIFTY,buy,50,25957.6,Call,25950
2025-12-30 10:21:57,NIFTY,sell,50,25957.95,Call,25950
2025-12-30 10:21:57,NIFTY,buy,50,25958.05,Call,25950
2025-12-30 10:21:58,NIFTY,sell,50,25957.9,Put,25950
2025-12-30 10:22:03,NIFTY,buy,50,25956.95,Put,25950
2025-12-30 10:22:03,NIFTY,sell,50,25957.05,Put,25950
2025-12-30 10:22:12,NIFTY,buy,50,25958.55,Put,25950
2025-12-30 10:22:12,NIFTY,sell,50,25960.5,Put,25950
2025-12-30 10:22:14,NIFTY,buy,50,25959.55,Put,25950
2025-12-30 10:22:15,NIFTY,sell,50,25959.6,Put,25950
2025-12-30 10:22:15,NIFTY,buy,50,25960.4,Put,25950
2025-12-30 10:22:16,NIFTY,sell,50,25960.1,Call,25950
2025-12-30 10:22:54,NIFTY,buy,50,25958.0,Call,25950
2025-12-30 10:22:55,NIFTY,sell,50,25960.25,Call,25950
2025-12-30 10:23:01,NIFTY,buy,50,25958.45,Call,25950
2025-12-30 10:23:01,NIFTY,sell,50,25958.35,Put,25950
2025-12-30 10:23:02,NIFTY,buy,50,25958.45,Put,25950
2025-12-30 10:23:02,NIFTY,sell,50,25958.25,Call,25950
2025-12-30 10:23:03,NIFTY,buy,50,25956.6,Call,25950
2025-12-30 10:23:03,NIFTY,sell,50,25957.45,Put,25950
2025-12-30 10:23:15,NIFTY,buy,50,25959.75,Put,25950
2025-12-30 10:23:16,NIFTY,sell,50,25960.3,Put,25950
2025-12-30 10:23:16,NIFTY,buy,50,25960.0,Put,25950
2025-12-30 10:23:17,NIFTY,sell,50,25960.45,Put,25950
2025-12-30 10:23:17,NIFTY,buy,50,25959.35,Put,25950
2025-12-30 10:23:18,NIFTY,sell,50,25959.55,Call,25950
2025-12-30 10:24:07,NIFTY,buy,50,25959.55,Call,25950
2025-12-30 10:24:08,NIFTY,sell,50,25959.45,Put,25950
2025-12-30 10:24:08,NIFTY,buy,50,25960.05,Put,25950
2025-12-30 10:24:09,NIFTY,sell,50,25960.0,Call,25950
2025-12-30 10:24:40,NIFTY,buy,50,25965.85,Call,25950
2025-12-30 10:24:40,NIFTY,sell,50,25965.7,Put,25950
2025-12-30 10:24:41,NIFTY,buy,50,25964.05,Put,25950
2025-12-30 10:24:41,NIFTY,sell,50,25965.15,Call,25950
2025-12-30 10:24:48,NIFTY,buy,50,25967.85,Call,25950
2025-12-30 10:24:48,NIFTY,sell,50,25968.0,Put,25950
2025-12-30 10:24:49,NIFTY,buy,50,25967.15,Put,25950
2025-12-30 10:24:50,NIFTY,sell,50,25967.25,Call,25950
2025-12-30 10:25:17,NIFTY,buy,50,25967.4,Call,25950
2025-12-30 10:25:18,NIFTY,sell,50,25967.45,Call,25950
2025-12-30 10:25:19,NIFTY,buy,50,25966.55,Call,25950
2025-12-30 10:25:19,NIFTY,sell,50,25967.8,Call,25950
2025-12-30 10:25:47,NIFTY,buy,50,25965.95,Call,25950
2025-12-30 10:25:47,NIFTY,sell,50,25966.25,Call,25950
2025-12-30 10:25:49,NIFTY,buy,50,25966.4,Call,25950
2025-12-30 10:25:49,NIFTY,sell,50,25966.75,Call,25950
2025-12-30 10:25:51,NIFTY,buy,50,25965.3,Call,25950
2025-12-30 10:25:51,NIFTY,sell,50,25965.65,Call,25950
2025-12-30 10:25:52,NIFTY,buy,50,25964.65,Call,25950
2025-12-30 10:25:53,NIFTY,sell,50,25965.15,Call,25950
2025-12-30 10:25:59,NIFTY,buy,50,25968.1,Call,25950
2025-12-30 10:26:00,NIFTY,sell,50,25968.1,Call,25950
2025-12-30 10:26:00,NIFTY,buy,50,25968.15,Call,25950
2025-12-30 10:26:01,NIFTY,sell,50,25968.9,Put,25950
2025-12-30 10:26:01,NIFTY,buy,50,25967.1,Put,25950
2025-12-30 10:26:02,NIFTY,sell,50,25967.1,Call,25950
2025-12-30 10:26:12,NIFTY,buy,50,25966.2,Call,25950
2025-12-30 10:26:12,NIFTY,sell,50,25967.6,Call,25950
2025-12-30 10:26:52,NIFTY,buy,50,25963.85,Call,25950
2025-12-30 10:26:53,NIFTY,sell,50,25964.1,Call,25950
2025-12-30 10:27:22,NIFTY,buy,50,25966.75,Call,25950
2025-12-30 10:27:23,NIFTY,sell,50,25967.05,Call,25950
2025-12-30 10:27:24,NIFTY,buy,50,25965.25,Call,25950
2025-12-30 10:27:24,NIFTY,sell,50,25965.9,Put,25950
2025-12-30 10:27:25,NIFTY,buy,50,25967.8,Put,25950
2025-12-30 10:27:25,NIFTY,sell,50,25967.35,Call,25950
2025-12-30 10:28:32,NIFTY,buy,50,25964.45,Call,25950
2025-12-30 10:28:33,NIFTY,sell,50,25964.15,Call,25950
2025-12-30 10:28:39,NIFTY,buy,50,25966.3,Call,25950
2025-12-30 10:28:40,NIFTY,sell,50,25966.4,Put,25950
2025-12-30 10:28:41,NIFTY,buy,50,25966.05,Put,25950
2025-12-30 10:28:41,NIFTY,sell,50,25965.9,Call,25950
2025-12-30 10:29:01,NIFTY,buy,50,25968.6,Call,25950
2025-12-30 10:29:01,NIFTY,sell,50,25967.9,Call,25950
2025-12-30 10:29:07,NIFTY,buy,50,25966.55,Call,25950
2025-12-30 10:29:08,NIFTY,sell,50,25965.35,Put,25950
2025-12-30 10:29:08,NIFTY,buy,50,25965.75,Put,25950
2025-12-30 10:29:09,NIFTY,sell,50,25966.0,Call,25950
2025-12-30 10:29:54,NIFTY,buy,50,25965.1,Call,25950
2025-12-30 10:29:54,NIFTY,sell,50,25964.6,Call,25950
2025-12-30 10:29:55,NIFTY,buy,50,25964.6,Call,25950
2025-12-30 10:29:55,NIFTY,sell,50,25964.25,Call,25950
2025-12-30 10:29:56,NIFTY,buy,50,25964.65,Call,25950
2025-12-30 10:29:56,NIFTY,sell,50,25964.6,Call,25950
2025-12-30 10:30:05,NIFTY,buy,50,25966.6,Call,25950
2025-12-30 10:30:05,NIFTY,sell,50,25966.9,Put,25950
2025-12-30 10:30:06,NIFTY,buy,50,25966.45,Put,25950
2025-12-30 10:30:07,NIFTY,sell,50,25966.55,Call,25950
2025-12-30 10:30:10,NIFTY,buy,50,25966.95,Call,25950
2025-12-30 10:30:10,NIFTY,sell,50,25966.15,Call,25950
2025-12-30 10:30:11,NIFTY,buy,50,25967.45,Call,25950
2025-12-30 10:30:11,NIFTY,sell,50,25966.6,Call,25950
2025-12-30 10:30:14,NIFTY,buy,50,25969.85,Call,25950
2025-12-30 10:30:15,NIFTY,sell,50,25969.75,Call,25950
2025-12-30 10:30:16,NIFTY,buy,50,25971.0,Call,25950
2025-12-30 10:30:16,NIFTY,sell,50,25971.45,Put,25950
2025-12-30 10:30:18,NIFTY,buy,50,25969.45,Put,25950
2025-12-30 10:30:18,NIFTY,sell,50,25970.25,Call,25950
2025-12-30 10:30:25,NIFTY,buy,50,25972.45,Call,25950
2025-12-30 10:30:25,NIFTY,sell,50,25971.85,Call,25950
2025-12-30 10:30:42,NIFTY,buy,50,25970.5,Call,25950
2025-12-30 10:30:42,NIFTY,sell,50,25971.4,Call,25950
2025-12-30 10:30:44,NIFTY,buy,50,25969.25,Call,25950
2025-12-30 10:30:44,NIFTY,sell,50,25969.85,Call,25950
2025-12-30 10:31:23,NIFTY,buy,50,25971.35,Call,25950
2025-12-30 10:31:24,NIFTY,sell,50,25971.5,Put,25950
2025-12-30 10:31:24,NIFTY,buy,50,25971.1,Put,25950
2025-12-30 10:31:25,NIFTY,sell,50,25972.15,Put,25950
2025-12-30 10:31:26,NIFTY,buy,50,25971.25,Put,25950
2025-12-30 10:31:27,NIFTY,sell,50,25972.0,Put,25950
2025-12-30 10:31:28,NIFTY,buy,50,25971.7,Put,25950
2025-12-30 10:31:29,NIFTY,sell,50,25971.2,Call,25950
2025-12-30 10:31:46,NIFTY,buy,50,25971.85,Call,25950
2025-12-30 10:31:46,NIFTY,sell,50,25971.4,Call,25950
2025-12-30 10:31:48,NIFTY,buy,50,25970.5,Call,25950
2025-12-30 10:31:48,NIFTY,sell,50,25971.55,Call,25950
2025-12-30 10:31:52,NIFTY,buy,50,25969.5,Call,25950
2025-12-30 10:31:52,NIFTY,sell,50,25969.45,Put,25950
2025-12-30 10:31:53,NIFTY,buy,50,25969.55,Put,25950
2025-12-30 10:31:53,NIFTY,sell,50,25969.3,Call,25950
2025-12-30 10:32:23,NIFTY,buy,50,25969.3,Call,25950
2025-12-30 10:32:23,NIFTY,sell,50,25969.65,Call,25950
2025-12-30 10:32:43,NIFTY,buy,50,25971.6,Call,25950
2025-12-30 10:32:43,NIFTY,sell,50,25971.0,Put,25950
2025-12-30 10:32:44,NIFTY,buy,50,25970.55,Put,25950
2025-12-30 10:32:44,NIFTY,sell,50,25970.65,Put,25950
2025-12-30 10:32:45,NIFTY,buy,50,25971.05,Put,25950
2025-12-30 10:32:45,NIFTY,sell,50,25971.0,Call,25950
2025-12-30 10:32:49,NIFTY,buy,50,25968.65,Call,25950
2025-12-30 10:32:50,NIFTY,sell,50,25970.1,Call,25950
2025-12-30 10:33:55,NIFTY,buy,50,25972.95,Call,25950
2025-12-30 10:33:55,NIFTY,sell,50,25973.05,Put,25950
2025-12-30 10:33:56,NIFTY,buy,50,25972.0,Put,25950
2025-12-30 10:33:56,NIFTY,sell,50,25972.05,Call,25950
2025-12-30 10:34:02,NIFTY,buy,50,25970.9,Call,25950
2025-12-30 10:34:03,NIFTY,sell,50,25970.4,Call,25950
2025-12-30 10:34:11,NIFTY,buy,50,25974.1,Call,25950
2025-12-30 10:34:12,NIFTY,sell,50,25974.3,Put,25950
2025-12-30 10:34:18,NIFTY,buy,50,25972.3,Put,25950
2025-12-30 10:34:19,NIFTY,sell,50,25972.85,Call,25950
2025-12-30 10:34:20,NIFTY,buy,50,25972.65,Call,25950
2025-12-30 10:34:20,NIFTY,sell,50,25972.95,Put,25950
2025-12-30 10:34:23,NIFTY,buy,50,25974.05,Put,25950
2025-12-30 10:34:23,NIFTY,sell,50,25973.2,Put,25950
2025-12-30 10:34:25,NIFTY,buy,50,25973.5,Put,25950
2025-12-30 10:34:25,NIFTY,sell,50,25973.0,Put,25950
2025-12-30 10:34:26,NIFTY,buy,50,25972.15,Put,25950
2025-12-30 10:34:27,NIFTY,sell,50,25972.5,Put,25950
2025-12-30 10:34:28,NIFTY,buy,50,25973.55,Put,25950
2025-12-30 10:34:29,NIFTY,sell,50,25973.65,Call,25950
2025-12-30 10:34:30,NIFTY,buy,50,25972.9,Call,25950
2025-12-30 10:34:30,NIFTY,sell,50,25973.8,Put,25950
2025-12-30 10:34:31,NIFTY,buy,50,25973.2,Put,25950
2025-12-30 10:34:31,NIFTY,sell,50,25973.1,Call,25950
2025-12-30 10:34:32,NIFTY,buy,50,25973.3,Call,25950
2025-12-30 10:34:32,NIFTY,sell,50,25972.85,Put,25950
2025-12-30 10:34:34,NIFTY,buy,50,25973.05,Put,25950
2025-12-30 10:34:34,NIFTY,sell,50,25973.25,Call,25950
2025-12-30 10:34:35,NIFTY,buy,50,25972.65,Call,25950
2025-12-30 10:34:36,NIFTY,sell,50,25973.25,Put,25950
2025-12-30 10:34:38,NIFTY,buy,50,25971.5,Put,25950
2025-12-30 10:34:38,NIFTY,sell,50,25972.5,Put,25950
2025-12-30 10:34:39,NIFTY,buy,50,25973.7,Put,25950
2025-12-30 10:34:40,NIFTY,sell,50,25972.85,Call,25950
2025-12-30 10:34:41,NIFTY,buy,50,25972.35,Call,25950
2025-12-30 10:34:41,NIFTY,sell,50,25972.85,Put,25950
2025-12-30 10:34:42,NIFTY,buy,50,25973.15,Put,25950
2025-12-30 10:34:43,NIFTY,sell,50,25972.55,Put,25950
2025-12-30 10:34:44,NIFTY,buy,50,25971.3,Put,25950
2025-12-30 10:34:45,NIFTY,sell,50,25971.5,Call,25950
2025-12-30 10:34:54,NIFTY,buy,50,25974.25,Call,25950
2025-12-30 10:34:54,NIFTY,sell,50,25974.3,Put,25950
2025-12-30 10:34:58,NIFTY,buy,50,25973.1,Put,25950
2025-12-30 10:34:59,NIFTY,sell,50,25974.25,Call,25950
2025-12-30 10:34:59,NIFTY,buy,50,25973.7,Call,25950
2025-12-30 10:35:00,NIFTY,sell,50,25973.0,Put,25950
2025-12-30 10:35:04,NIFTY,buy,50,25971.3,Put,25950
2025-12-30 10:35:04,NIFTY,sell,50,25971.85,Call,25950
2025-12-30 10:35:05,NIFTY,buy,50,25972.75,Call,25950
2025-12-30 10:35:06,NIFTY,sell,50,25973.3,Put,25950
2025-12-30 10:35:06,NIFTY,buy,50,25972.95,Put,25950
2025-12-30 10:35:07,NIFTY,sell,50,25972.45,Call,25950
2025-12-30 10:35:11,NIFTY,buy,50,25974.0,Call,25950
2025-12-30 10:35:11,NIFTY,sell,50,25973.2,Call,25950
2025-12-30 10:35:12,NIFTY,buy,50,25972.75,Call,25950
2025-12-30 10:35:12,NIFTY,sell,50,25973.75,Put,25950
2025-12-30 10:35:14,NIFTY,buy,50,25972.75,Put,25950
2025-12-30 10:35:14,NIFTY,sell,50,25972.8,Call,25950
2025-12-30 10:35:15,NIFTY,buy,50,25973.4,Call,25950
2025-12-30 10:35:16,NIFTY,sell,50,25973.5,Call,25950
2025-12-30 10:35:16,NIFTY,buy,50,25973.2,Call,25950
2025-12-30 10:35:17,NIFTY,sell,50,25973.35,Put,25950
2025-12-30 10:35:19,NIFTY,buy,50,25972.4,Put,25950
2025-12-30 10:35:20,NIFTY,sell,50,25972.35,Put,25950
2025-12-30 10:35:22,NIFTY,buy,50,25971.9,Put,25950
2025-12-30 10:35:23,NIFTY,sell,50,25971.55,Call,25950
2025-12-30 10:35:27,NIFTY,buy,50,25973.05,Call,25950
2025-12-30 10:35:27,NIFTY,sell,50,25973.25,Put,25950
2025-12-30 10:35:28,NIFTY,buy,50,25972.05,Put,25950
2025-12-30 10:35:28,NIFTY,sell,50,25973.65,Call,25950
2025-12-30 10:35:32,NIFTY,buy,50,25972.9,Call,25950
2025-12-30 10:35:32,NIFTY,sell,50,25972.05,Call,25950
2025-12-30 10:35:33,NIFTY,buy,50,25971.0,Call,25950
2025-12-30 10:35:33,NIFTY,sell,50,25970.95,Put,25950
2025-12-30 10:35:34,NIFTY,buy,50,25971.35,Put,25950
2025-12-30 10:35:34,NIFTY,sell,50,25971.75,Call,25950
2025-12-30 10:35:35,NIFTY,buy,50,25972.7,Call,25950
2025-12-30 10:35:36,NIFTY,sell,50,25972.55,Call,25950
2025-12-30 10:35:41,NIFTY,buy,50,25968.95,Call,25950
2025-12-30 10:35:42,NIFTY,sell,50,25968.3,Put,25950
2025-12-30 10:35:42,NIFTY,buy,50,25970.35,Put,25950
2025-12-30 10:35:43,NIFTY,sell,50,25969.85,Call,25950
2025-12-30 10:35:44,NIFTY,buy,50,25967.55,Call,25950
2025-12-30 10:35:45,NIFTY,sell,50,25969.25,Call,25950
2025-12-30 10:35:47,NIFTY,buy,50,25966.4,Call,25950
2025-12-30 10:35:47,NIFTY,sell,50,25967.25,Call,25950
2025-12-30 10:36:05,NIFTY,buy,50,25969.25,Call,25950
2025-12-30 10:36:05,NIFTY,sell,50,25968.8,Call,25950
2025-12-30 10:36:26,NIFTY,buy,50,25964.45,Call,25950
2025-12-30 10:36:27,NIFTY,sell,50,25964.15,Put,25950
2025-12-30 10:36:29,NIFTY,buy,50,25964.4,Put,25950
2025-12-30 10:36:30,NIFTY,sell,50,25964.35,Call,25950
2025-12-30 10:36:32,NIFTY,buy,50,25964.05,Call,25950
2025-12-30 10:36:32,NIFTY,sell,50,25963.2,Call,25950
2025-12-30 10:36:33,NIFTY,buy,50,25962.55,Call,25950
2025-12-30 10:36:33,NIFTY,sell,50,25962.65,Call,25950
2025-12-30 10:36:36,NIFTY,buy,50,25961.3,Call,25950
2025-12-30 10:36:37,NIFTY,sell,50,25961.95,Call,25950
2025-12-30 10:36:38,NIFTY,buy,50,25961.55,Call,25950
2025-12-30 10:36:38,NIFTY,sell,50,25962.1,Call,25950
2025-12-30 10:36:49,NIFTY,buy,50,25959.3,Call,25950
2025-12-30 10:36:50,NIFTY,sell,50,25959.95,Call,25950
2025-12-30 10:36:51,NIFTY,buy,50,25958.9,Call,25950
2025-12-30 10:36:51,NIFTY,sell,50,25959.0,Put,25950
2025-12-30 10:36:53,NIFTY,buy,50,25959.6,Put,25950
2025-12-30 10:36:53,NIFTY,sell,50,25960.0,Call,25950
2025-12-30 10:37:04,NIFTY,buy,50,25957.9,Call,25950
2025-12-30 10:37:04,NIFTY,sell,50,25957.4,Put,25950
2025-12-30 10:37:25,NIFTY,buy,50,25957.85,Put,25950
2025-12-30 10:37:26,NIFTY,sell,50,25957.4,Put,25950
2025-12-30 10:37:28,NIFTY,buy,50,25957.6,Put,25950
2025-12-30 10:37:28,NIFTY,sell,50,25957.5,Call,25950
2025-12-30 10:37:29,NIFTY,buy,50,25958.6,Call,25950
2025-12-30 10:37:29,NIFTY,sell,50,25957.55,Call,25950
2025-12-30 10:37:30,NIFTY,buy,50,25957.25,Call,25950
2025-12-30 10:37:30,NIFTY,sell,50,25957.2,Put,25950
2025-12-30 10:37:38,NIFTY,buy,50,25959.25,Put,25950
2025-12-30 10:37:38,NIFTY,sell,50,25959.25,Put,25950
2025-12-30 10:37:40,NIFTY,buy,50,25959.75,Put,25950
2025-12-30 10:37:41,NIFTY,sell,50,25959.95,Call,25950
2025-12-30 10:37:41,NIFTY,buy,50,25959.75,Call,25950
2025-12-30 10:37:42,NIFTY,sell,50,25960.15,Call,25950
2025-12-30 10:37:51,NIFTY,buy,50,25958.1,Call,25950
2025-12-30 10:37:52,NIFTY,sell,50,25958.2,Put,25950
2025-12-30 10:37:52,NIFTY,buy,50,25958.45,Put,25950
2025-12-30 10:37:53,NIFTY,sell,50,25958.1,Put,25950
2025-12-30 10:45:49,NIFTY,buy,50,25943.7,Put,25950
2025-12-30 10:45:49,NIFTY,sell,50,25943.0,Put,25950
2025-12-30 10:45:53,NIFTY,buy,50,25942.85,Put,25950
2025-12-30 10:45:53,NIFTY,sell,50,25942.8,Put,25950
2025-12-30 10:45:58,NIFTY,buy,50,25942.45,Put,25950
2025-12-30 10:45:58,NIFTY,sell,50,25943.85,Put,25950
2025-12-30 10:46:07,NIFTY,buy,50,25942.7,Put,25950
2025-12-30 10:46:08,NIFTY,sell,50,25941.5,Put,25950
2025-12-30 10:46:11,NIFTY,buy,50,25942.65,Put,25950
2025-12-30 10:46:12,NIFTY,sell,50,25942.35,Put,25950
2025-12-30 10:46:52,NIFTY,buy,50,25942.75,Put,25950
2025-12-30 10:46:52,NIFTY,sell,50,25943.2,Put,25950
2025-12-30 10:46:58,NIFTY,buy,50,25942.7,Put,25950
2025-12-30 10:46:58,NIFTY,sell,50,25943.3,Put,25950
2025-12-30 10:47:02,NIFTY,buy,50,25942.65,Put,25950
2025-12-30 10:47:03,NIFTY,sell,50,25941.7,Put,25950
2025-12-30 10:47:04,NIFTY,buy,50,25942.85,Put,25950
2025-12-30 10:47:04,NIFTY,sell,50,25941.75,Put,25950
2025-12-30 10:49:22,NIFTY,buy,50,25942.75,Put,25950
2025-12-30 10:49:23,NIFTY,sell,50,25943.45,Put,25950
2025-12-30 10:49:24,NIFTY,buy,50,25942.8,Put,25950
2025-12-30 10:49:25,NIFTY,sell,50,25943.15,Put,25950
2025-12-30 10:49:26,NIFTY,buy,50,25942.45,Put,25950
2025-12-30 10:49:27,NIFTY,sell,50,25942.4,Put,25950
2025-12-30 10:49:27,NIFTY,buy,50,25942.45,Put,25950
2025-12-30 10:49:28,NIFTY,sell,50,25942.75,Call,25950
2025-12-30 10:49:28,NIFTY,buy,50,25942.65,Call,25950
2025-12-30 10:49:29,NIFTY,sell,50,25942.75,Put,25950
2025-12-30 10:50:00,NIFTY,buy,50,25943.05,Put,25950
2025-12-30 10:50:00,NIFTY,sell,50,25943.75,Put,25950
2025-12-30 10:50:02,NIFTY,buy,50,25943.55,Put,25950
2025-12-30 10:50:02,NIFTY,sell,50,25943.35,Put,25950
2025-12-30 10:50:20,NIFTY,buy,50,25944.15,Put,25950
2025-12-30 10:50:21,NIFTY,sell,50,25944.55,Put,25950
2025-12-30 10:50:23,NIFTY,buy,50,25944.0,Put,25950
2025-12-30 10:50:23,NIFTY,sell,50,25944.35,Put,25950
2025-12-30 10:50:26,NIFTY,buy,50,25943.85,Put,25950
2025-12-30 10:50:26,NIFTY,sell,50,25944.0,Put,25950
2025-12-30 10:50:29,NIFTY,buy,50,25942.6,Put,25950
2025-12-30 10:50:29,NIFTY,sell,50,25943.05,Put,25950
2025-12-30 10:50:30,NIFTY,buy,50,25943.0,Put,25950
2025-12-30 10:50:31,NIFTY,sell,50,25943.8,Put,25950
2025-12-30 10:50:32,NIFTY,buy,50,25942.5,Put,25950
2025-12-30 10:50:33,NIFTY,sell,50,25944.6,Put,25950
2025-12-30 10:51:45,NIFTY,buy,50,25942.0,Put,25950
2025-12-30 10:51:45,NIFTY,sell,50,25941.95,Put,25950
2025-12-30 10:51:46,NIFTY,buy,50,25943.0,Put,25950
2025-12-30 10:51:46,NIFTY,sell,50,25942.45,Put,25950
2025-12-30 10:51:47,NIFTY,buy,50,25942.85,Put,25950
2025-12-30 10:51:47,NIFTY,sell,50,25943.45,Put,25950
2025-12-30 10:51:56,NIFTY,buy,50,25942.4,Put,25950
2025-12-30 10:51:57,NIFTY,sell,50,25941.75,Put,25950
2025-12-30 10:51:58,NIFTY,buy,50,25942.55,Put,25950
2025-12-30 10:51:58,NIFTY,sell,50,25942.35,Put,25950
2025-12-30 10:52:29,NIFTY,buy,50,25936.9,Put,25950
2025-12-30 10:52:29,NIFTY,sell,50,25936.3,Call,25950
2025-12-30 10:52:30,NIFTY,buy,50,25935.45,Call,25950
2025-12-30 10:52:30,NIFTY,sell,50,25934.2,Put,25950
2025-12-30 10:52:36,NIFTY,buy,50,25934.6,Put,25950
2025-12-30 10:52:37,NIFTY,sell,50,25934.35,Call,25950
2025-12-30 10:52:37,NIFTY,buy,50,25935.15,Call,25950
2025-12-30 10:52:38,NIFTY,sell,50,25934.35,Call,25950
2025-12-30 10:52:38,NIFTY,buy,50,25934.6,Call,25950
2025-12-30 10:52:39,NIFTY,sell,50,25935.65,Put,25950
2025-12-30 10:52:51,NIFTY,buy,50,25935.75,Put,25950
2025-12-30 10:52:51,NIFTY,sell,50,25936.0,Put,25950
2025-12-30 10:52:54,NIFTY,buy,50,25935.5,Put,25950
2025-12-30 10:52:55,NIFTY,sell,50,25936.7,Put,25950
2025-12-30 10:52:56,NIFTY,buy,50,25935.6,Put,25950
2025-12-30 10:52:56,NIFTY,sell,50,25935.55,Put,25950
2025-12-30 10:52:58,NIFTY,buy,50,25934.8,Put,25950
2025-12-30 10:52:59,NIFTY,sell,50,25935.1,Put,25950
2025-12-30 10:53:07,NIFTY,buy,50,25934.7,Put,25950
2025-12-30 10:53:07,NIFTY,sell,50,25935.85,Put,25950
2025-12-30 10:53:10,NIFTY,buy,50,25934.9,Put,25950
2025-12-30 10:53:11,NIFTY,sell,50,25934.7,Put,25950
2025-12-30 10:53:14,NIFTY,buy,50,25934.05,Put,25950
2025-12-30 10:53:15,NIFTY,sell,50,25935.5,Put,25950
2025-12-30 10:53:19,NIFTY,buy,50,25935.35,Put,25950
2025-12-30 10:53:20,NIFTY,sell,50,25934.85,Put,25950
2025-12-30 10:53:20,NIFTY,buy,50,25934.5,Put,25950
2025-12-30 10:53:21,NIFTY,sell,50,25934.5,Call,25950
2025-12-30 10:53:22,NIFTY,buy,50,25934.0,Call,25950
2025-12-30 10:53:22,NIFTY,sell,50,25934.95,Put,25950
2025-12-30 10:53:33,NIFTY,buy,50,25934.55,Put,25950
2025-12-30 10:53:33,NIFTY,sell,50,25934.8,Call,25950
2025-12-30 10:53:34,NIFTY,buy,50,25935.85,Call,25950
2025-12-30 10:53:34,NIFTY,sell,50,25934.9,Call,25950
2025-12-30 10:53:35,NIFTY,buy,50,25936.25,Call,25950
2025-12-30 10:53:35,NIFTY,sell,50,25935.3,Put,25950
2025-12-30 10:53:36,NIFTY,buy,50,25935.3,Put,25950
2025-12-30 10:53:36,NIFTY,sell,50,25935.05,Call,25950
2025-12-30 10:53:38,NIFTY,buy,50,25934.55,Call,25950
2025-12-30 10:53:38,NIFTY,sell,50,25935.4,Call,25950
2025-12-30 10:53:39,NIFTY,buy,50,25936.0,Call,25950
2025-12-30 10:53:39,NIFTY,sell,50,25935.75,Put,25950
2025-12-30 10:53:42,NIFTY,buy,50,25935.15,Put,25950
2025-12-30 10:53:42,NIFTY,sell,50,25935.6,Put,25950
2025-12-30 10:53:43,NIFTY,buy,50,25934.15,Put,25950
2025-12-30 10:53:43,NIFTY,sell,50,25933.6,Call,25950
2025-12-30 10:53:45,NIFTY,buy,50,25935.5,Call,25950
2025-12-30 10:53:45,NIFTY,sell,50,25934.5,Call,25950
2025-12-30 10:53:47,NIFTY,buy,50,25935.75,Call,25950
2025-12-30 10:53:47,NIFTY,sell,50,25935.0,Call,25950
2025-12-30 10:53:48,NIFTY,buy,50,25935.55,Call,25950
2025-12-30 10:53:48,NIFTY,sell,50,25935.5,Put,25950
2025-12-30 10:53:51,NIFTY,buy,50,25934.35,Put,25950
2025-12-30 10:53:52,NIFTY,sell,50,25934.9,Call,25950
2025-12-30 10:53:52,NIFTY,buy,50,25934.85,Call,25950
2025-12-30 10:53:53,NIFTY,sell,50,25934.7,Put,25950
2025-12-30 10:53:56,NIFTY,buy,50,25934.4,Put,25950
2025-12-30 10:53:56,NIFTY,sell,50,25935.05,Put,25950
2025-12-30 10:53:58,NIFTY,buy,50,25932.85,Put,25950
2025-12-30 10:53:58,NIFTY,sell,50,25933.85,Call,25950
2025-12-30 10:54:00,NIFTY,buy,50,25932.5,Call,25950
2025-12-30 10:54:01,NIFTY,sell,50,25933.95,Call,25950
2025-12-30 10:54:05,NIFTY,buy,50,25933.8,Call,25950
2025-12-30 10:54:05,NIFTY,sell,50,25933.4,Call,25950
2025-12-30 10:54:06,NIFTY,buy,50,25932.95,Call,25950
2025-12-30 10:54:06,NIFTY,sell,50,25932.65,Put,25950
2025-12-30 10:54:07,NIFTY,buy,50,25931.7,Put,25950
2025-12-30 10:54:07,NIFTY,sell,50,25931.9,Call,25950
2025-12-30 10:54:11,NIFTY,buy,50,25928.8,Call,25950
2025-12-30 10:54:12,NIFTY,sell,50,25931.95,Call,25950
2025-12-30 10:54:13,NIFTY,buy,50,25929.85,Call,25950
2025-12-30 10:54:13,NIFTY,sell,50,25930.15,Call,25950
2025-12-30 10:54:14,NIFTY,buy,50,25930.35,Call,25950
2025-12-30 10:54:14,NIFTY,sell,50,25930.0,Put,25950
2025-12-30 10:54:15,NIFTY,buy,50,25931.4,Put,25950
2025-12-30 10:54:15,NIFTY,sell,50,25931.85,Call,25950
2025-12-30 10:54:18,NIFTY,buy,50,25931.05,Call,25950
2025-12-30 10:54:19,NIFTY,sell,50,25931.35,Put,25950
2025-12-30 10:54:19,NIFTY,buy,50,25931.9,Put,25950
2025-12-30 10:54:20,NIFTY,sell,50,25931.95,Call,25950
2025-12-30 10:54:25,NIFTY,buy,50,25932.6,Call,25950
2025-12-30 10:54:25,NIFTY,sell,50,25930.7,Call,25950
2025-12-30 10:54:36,NIFTY,buy,50,25929.85,Call,25950
2025-12-30 10:54:36,NIFTY,sell,50,25930.65,Call,25950
2025-12-30 10:54:37,NIFTY,buy,50,25930.25,Call,25950
2025-12-30 10:54:37,NIFTY,sell,50,25930.7,Call,25950
2025-12-30 10:54:46,NIFTY,buy,50,25930.4,Call,25950
2025-12-30 10:54:46,NIFTY,sell,50,25931.05,Call,25950
2025-12-30 10:54:53,NIFTY,buy,50,25930.3,Call,25950
2025-12-30 10:54:53,NIFTY,sell,50,25930.15,Call,25950
2025-12-30 10:54:54,NIFTY,buy,50,25929.5,Call,25950
2025-12-30 10:54:55,NIFTY,sell,50,25931.25,Call,25950
2025-12-30 10:54:55,NIFTY,buy,50,25930.5,Call,25950
2025-12-30 10:54:56,NIFTY,sell,50,25930.75,Call,25950
2025-12-30 10:54:56,NIFTY,buy,50,25930.25,Call,25950
2025-12-30 10:54:57,NIFTY,sell,50,25931.15,Call,25950
2025-12-30 10:54:57,NIFTY,buy,50,25930.5,Call,25950
2025-12-30 10:54:58,NIFTY,sell,50,25929.4,Put,25950
2025-12-30 10:54:58,NIFTY,buy,50,25930.9,Put,25950
2025-12-30 10:54:59,NIFTY,sell,50,25931.15,Call,25950
2025-12-30 10:55:02,NIFTY,buy,50,25930.7,Call,25950
2025-12-30 10:55:02,NIFTY,sell,50,25930.4,Put,25950
2025-12-30 10:55:03,NIFTY,buy,50,25930.2,Put,25950
2025-12-30 10:55:04,NIFTY,sell,50,25929.2,Put,25950
2025-12-30 10:55:07,NIFTY,buy,50,25930.85,Put,25950
2025-12-30 10:55:07,NIFTY,sell,50,25930.55,Call,25950
2025-12-30 10:55:08,NIFTY,buy,50,25929.95,Call,25950
2025-12-30 10:55:08,NIFTY,sell,50,25929.95,Put,25950
2025-12-30 10:55:12,NIFTY,buy,50,25930.7,Put,25950
2025-12-30 10:55:13,NIFTY,sell,50,25930.15,Call,25950
2025-12-30 10:55:13,NIFTY,buy,50,25929.9,Call,25950
2025-12-30 10:55:14,NIFTY,sell,50,25928.8,Put,25950
2025-12-30 10:55:16,NIFTY,buy,50,25930.25,Put,25950
2025-12-30 10:55:16,NIFTY,sell,50,25930.05,Put,25950
2025-12-30 10:56:56,NIFTY,buy,50,25930.2,Put,25950
2025-12-30 10:56:56,NIFTY,sell,50,25929.05,Put,25950
2025-12-30 10:56:57,NIFTY,buy,50,25930.4,Put,25950
2025-12-30 10:56:58,NIFTY,sell,50,25929.15,Put,25950
2025-12-30 10:56:58,NIFTY,buy,50,25930.95,Put,25950
2025-12-30 10:56:59,NIFTY,sell,50,25930.1,Call,25950
2025-12-30 10:56:59,NIFTY,buy,50,25930.35,Call,25950
2025-12-30 10:57:00,NIFTY,sell,50,25930.15,Put,25950
2025-12-30 10:57:00,NIFTY,buy,50,25930.15,Put,25950
2025-12-30 10:57:01,NIFTY,sell,50,25929.5,Put,25950
2025-12-30 10:57:02,NIFTY,buy,50,25930.1,Put,25950
2025-12-30 10:57:02,NIFTY,sell,50,25930.15,Call,25950
2025-12-30 10:57:03,NIFTY,buy,50,25927.85,Call,25950
2025-12-30 10:57:03,NIFTY,sell,50,25929.35,Put,25950
2025-12-30 10:57:40,NIFTY,buy,50,25931.1,Put,25950
2025-12-30 10:57:40,NIFTY,sell,50,25930.5,Put,25950
2025-12-30 10:57:42,NIFTY,buy,50,25931.1,Put,25950
2025-12-30 10:57:43,NIFTY,sell,50,25930.85,Call,25950
2025-12-30 10:57:43,NIFTY,buy,50,25931.1,Call,25950
2025-12-30 10:57:44,NIFTY,sell,50,25931.3,Call,25950
2025-12-30 10:57:45,NIFTY,buy,50,25930.95,Call,25950
2025-12-30 10:57:46,NIFTY,sell,50,25931.4,Call,25950
2025-12-30 10:57:53,NIFTY,buy,50,25932.4,Call,25950
2025-12-30 10:57:53,NIFTY,sell,50,25932.2,Call,25950
2025-12-30 10:57:55,NIFTY,buy,50,25932.65,Call,25950
2025-12-30 10:57:56,NIFTY,sell,50,25932.4,Call,25950
2025-12-30 10:57:57,NIFTY,buy,50,25932.85,Call,25950
2025-12-30 10:57:57,NIFTY,sell,50,25931.9,Call,25950
2025-12-30 10:58:04,NIFTY,buy,50,25930.15,Call,25950
2025-12-30 10:58:05,NIFTY,sell,50,25931.65,Put,25950
2025-12-30 10:58:05,NIFTY,buy,50,25931.05,Put,25950
2025-12-30 10:58:06,NIFTY,sell,50,25930.7,Call,25950
2025-12-30 10:58:06,NIFTY,buy,50,25930.45,Call,25950
2025-12-30 10:58:07,NIFTY,sell,50,25931.2,Call,25950
2025-12-30 10:58:07,NIFTY,buy,50,25929.65,Call,25950
2025-12-30 10:58:08,NIFTY,sell,50,25929.9,Put,25950
2025-12-30 10:58:09,NIFTY,buy,50,25930.6,Put,25950
2025-12-30 10:58:09,NIFTY,sell,50,25929.8,Put,25950
2025-12-30 10:58:10,NIFTY,buy,50,25930.75,Put,25950
2025-12-30 10:58:11,NIFTY,sell,50,25930.85,Call,25950
2025-12-30 10:58:14,NIFTY,buy,50,25929.8,Call,25950
2025-12-30 10:58:14,NIFTY,sell,50,25929.85,Put,25950
2025-12-30 10:58:15,NIFTY,buy,50,25930.35,Put,25950
2025-12-30 10:58:15,NIFTY,sell,50,25930.5,Call,25950
2025-12-30 10:58:16,NIFTY,buy,50,25930.3,Call,25950
2025-12-30 10:58:16,NIFTY,sell,50,25930.15,Call,25950
2025-12-30 10:58:17,NIFTY,buy,50,25929.8,Call,25950
2025-12-30 10:58:17,NIFTY,sell,50,25929.85,Put,25950
2025-12-30 10:58:20,NIFTY,buy,50,25930.35,Put,25950
2025-12-30 10:58:21,NIFTY,sell,50,25930.9,Call,25950
2025-12-30 10:58:22,NIFTY,buy,50,25930.4,Call,25950
2025-12-30 10:58:23,NIFTY,sell,50,25930.05,Put,25950
2025-12-30 10:58:50,NIFTY,buy,50,25930.7,Put,25950
2025-12-30 10:58:50,NIFTY,sell,50,25930.15,Put,25950
2025-12-30 10:58:53,NIFTY,buy,50,25930.1,Put,25950
2025-12-30 10:58:53,NIFTY,sell,50,25930.45,Call,25950
2025-12-30 10:58:54,NIFTY,buy,50,25930.1,Call,25950
2025-12-30 10:58:54,NIFTY,sell,50,25929.9,Put,25950
2025-12-30 10:58:55,NIFTY,buy,50,25931.3,Put,25950
2025-12-30 10:58:55,NIFTY,sell,50,25930.95,Call,25950
2025-12-30 10:58:56,NIFTY,buy,50,25929.5,Call,25950
2025-12-30 10:58:56,NIFTY,sell,50,25929.1,Put,25950
2025-12-30 11:00:22,NIFTY,buy,50,25930.15,Put,25950
2025-12-30 11:00:23,NIFTY,sell,50,25928.7,Put,25950
2025-12-30 11:00:27,NIFTY,buy,50,25930.1,Put,25950
2025-12-30 11:00:28,NIFTY,sell,50,25929.8,Put,25950
2025-12-30 11:00:28,NIFTY,buy,50,25930.4,Put,25950
2025-12-30 11:00:29,NIFTY,sell,50,25930.7,Call,25950
2025-12-30 11:00:30,NIFTY,buy,50,25930.2,Call,25950
2025-12-30 11:00:31,NIFTY,sell,50,25930.55,Call,25950
2025-12-30 11:00:31,NIFTY,buy,50,25929.75,Call,25950
2025-12-30 11:00:32,NIFTY,sell,50,25929.15,Put,25950
2025-12-30 11:00:40,NIFTY,buy,50,25931.45,Put,25950
2025-12-30 11:00:40,NIFTY,sell,50,25929.2,Put,25950
2025-12-30 11:00:43,NIFTY,buy,50,25930.35,Put,25950
2025-12-30 11:00:43,NIFTY,sell,50,25929.75,Put,25950
2025-12-30 11:00:45,NIFTY,buy,50,25932.4,Put,25950
2025-12-30 11:00:45,NIFTY,sell,50,25932.3,Call,25950
2025-12-30 11:00:47,NIFTY,buy,50,25930.15,Call,25950
2025-12-30 11:00:47,NIFTY,sell,50,25930.25,Call,25950
2025-12-30 11:00:48,NIFTY,buy,50,25929.9,Call,25950
2025-12-30 11:00:48,NIFTY,sell,50,25930.35,Put,25950
2025-12-30 11:00:49,NIFTY,buy,50,25930.25,Put,25950
2025-12-30 11:00:49,NIFTY,sell,50,25929.65,Put,25950
2025-12-30 11:00:50,NIFTY,buy,50,25931.65,Put,25950
2025-12-30 11:00:51,NIFTY,sell,50,25930.65,Call,25950
2025-12-30 11:00:54,NIFTY,buy,50,25932.75,Call,25950
2025-12-30 11:00:54,NIFTY,sell,50,25931.6,Call,25950
2025-12-30 11:00:57,NIFTY,buy,50,25932.35,Call,25950
2025-12-30 11:00:58,NIFTY,sell,50,25931.9,Call,25950
2025-12-30 11:00:59,NIFTY,buy,50,25931.0,Call,25950
2025-12-30 11:01:00,NIFTY,sell,50,25931.45,Call,25950
2025-12-30 11:01:01,NIFTY,buy,50,25930.15,Call,25950
2025-12-30 11:01:01,NIFTY,sell,50,25930.2,Call,25950
2025-12-30 11:01:02,NIFTY,buy,50,25930.25,Call,25950
2025-12-30 11:01:02,NIFTY,sell,50,25930.4,Put,25950
2025-12-30 11:01:03,NIFTY,buy,50,25930.75,Put,25950
2025-12-30 11:01:04,NIFTY,sell,50,25931.4,Call,25950
2025-12-30 11:01:04,NIFTY,buy,50,25930.4,Call,25950
2025-12-30 11:01:05,NIFTY,sell,50,25931.6,Call,25950
2025-12-30 11:01:07,NIFTY,buy,50,25930.3,Call,25950
2025-12-30 11:01:08,NIFTY,sell,50,25929.8,Put,25950
2025-12-30 11:01:11,NIFTY,buy,50,25930.35,Put,25950
2025-12-30 11:01:11,NIFTY,sell,50,25930.75,Call,25950
2025-12-30 11:01:13,NIFTY,buy,50,25929.4,Call,25950
2025-12-30 11:01:13,NIFTY,sell,50,25929.35,Put,25950
2025-12-30 11:01:15,NIFTY,buy,50,25930.25,Put,25950
2025-12-30 11:01:15,NIFTY,sell,50,25930.1,Call,25950
2025-12-30 11:01:16,NIFTY,buy,50,25928.85,Call,25950
2025-12-30 11:01:16,NIFTY,sell,50,25928.75,Put,25950
2025-12-30 11:02:28,NIFTY,buy,50,25930.2,Put,25950
2025-12-30 11:02:28,NIFTY,sell,50,25930.15,Call,25950
2025-12-30 11:02:29,NIFTY,buy,50,25930.25,Call,25950
2025-12-30 11:02:29,NIFTY,sell,50,25929.7,Put,25950
2025-12-30 11:02:30,NIFTY,buy,50,25930.3,Put,25950
2025-12-30 11:02:30,NIFTY,sell,50,25930.2,Call,25950
2025-12-30 11:02:31,NIFTY,buy,50,25930.05,Call,25950
2025-12-30 11:02:31,NIFTY,sell,50,25929.4,Put,25950
2025-12-30 11:03:06,NIFTY,buy,50,25930.55,Put,25950
2025-12-30 11:03:06,NIFTY,sell,50,25930.45,Call,25950
2025-12-30 11:03:08,NIFTY,buy,50,25929.65,Call,25950
2025-12-30 11:03:08,NIFTY,sell,50,25930.25,Call,25950
2025-12-30 11:03:10,NIFTY,buy,50,25930.95,Call,25950
2025-12-30 11:03:10,NIFTY,sell,50,25929.75,Put,25950
2025-12-30 11:03:10,NIFTY,buy,50,25930.5,Put,25950
2025-12-30 11:03:11,NIFTY,sell,50,25929.6,Put,25950
2025-12-30 11:03:12,NIFTY,buy,50,25930.2,Put,25950
2025-12-30 11:03:12,NIFTY,sell,50,25930.3,Put,25950
2025-12-30 11:03:13,NIFTY,buy,50,25930.15,Put,25950
2025-12-30 11:03:14,NIFTY,sell,50,25930.65,Call,25950
2025-12-30 11:03:14,NIFTY,buy,50,25929.9,Call,25950
2025-12-30 11:03:15,NIFTY,sell,50,25930.75,Call,25950
2025-12-30 11:03:16,NIFTY,buy,50,25928.0,Call,25950
2025-12-30 11:03:16,NIFTY,sell,50,25927.1,Put,25950
2025-12-30 11:05:23,NIFTY,buy,50,25930.8,Put,25950
2025-12-30 11:05:23,NIFTY,sell,50,25930.65,Call,25950
2025-12-30 11:05:24,NIFTY,buy,50,25930.0,Call,25950
2025-12-30 11:05:24,NIFTY,sell,50,25929.15,Put,25950
2025-12-30 11:05:25,NIFTY,buy,50,25930.75,Put,25950
2025-12-30 11:05:25,NIFTY,sell,50,25930.05,Call,25950
2025-12-30 11:05:26,NIFTY,buy,50,25931.2,Call,25950
2025-12-30 11:05:27,NIFTY,sell,50,25930.45,Call,25950
2025-12-30 11:05:28,NIFTY,buy,50,25933.05,Call,25950
2025-12-30 11:05:29,NIFTY,sell,50,25933.45,Call,25950
2025-12-30 11:05:30,NIFTY,buy,50,25932.85,Call,25950
2025-12-30 11:05:30,NIFTY,sell,50,25932.95,Put,25950
2025-12-30 11:05:33,NIFTY,buy,50,25932.1,Put,25950
2025-12-30 11:05:34,NIFTY,sell,50,25932.6,Put,25950
2025-12-30 11:05:36,NIFTY,buy,50,25932.8,Put,25950
2025-12-30 11:05:36,NIFTY,sell,50,25932.4,Call,25950
2025-12-30 11:05:40,NIFTY,buy,50,25932.55,Call,25950
2025-12-30 11:05:41,NIFTY,sell,50,25931.5,Call,25950
2025-12-30 11:05:43,NIFTY,buy,50,25932.35,Call,25950
2025-12-30 11:05:43,NIFTY,sell,50,25932.6,Call,25950
2025-12-30 11:05:45,NIFTY,buy,50,25933.3,Call,25950
2025-12-30 11:05:45,NIFTY,sell,50,25933.1,Call,25950
2025-12-30 11:05:46,NIFTY,buy,50,25933.2,Call,25950
2025-12-30 11:05:46,NIFTY,sell,50,25932.7,Call,25950
2025-12-30 11:05:48,NIFTY,buy,50,25932.95,Call,25950
2025-12-30 11:05:49,NIFTY,sell,50,25932.4,Call,25950
2025-12-30 11:06:01,NIFTY,buy,50,25929.05,Call,25950
2025-12-30 11:06:02,NIFTY,sell,50,25929.6,Put,25950
2025-12-30 11:06:10,NIFTY,buy,50,25930.1,Put,25950
2025-12-30 11:06:11,NIFTY,sell,50,25930.05,Put,25950
2025-12-30 11:06:12,NIFTY,buy,50,25930.7,Put,25950
2025-12-30 11:06:12,NIFTY,sell,50,25929.65,Put,25950
2025-12-30 11:06:15,NIFTY,buy,50,25930.7,Put,25950
2025-12-30 11:06:15,NIFTY,sell,50,25930.8,Call,25950
2025-12-30 11:06:17,NIFTY,buy,50,25929.55,Call,25950
2025-12-30 11:06:17,NIFTY,sell,50,25929.65,Put,25950
2025-12-30 11:06:19,NIFTY,buy,50,25930.05,Put,25950
2025-12-30 11:06:20,NIFTY,sell,50,25929.55,Put,25950
2025-12-30 11:07:44,NIFTY,buy,50,25931.2,Put,25950
2025-12-30 11:07:44,NIFTY,sell,50,25931.6,Call,25950
2025-12-30 11:07:48,NIFTY,buy,50,25929.95,Call,25950
2025-12-30 11:07:48,NIFTY,sell,50,25929.85,Put,25950
2025-12-30 11:10:02,NIFTY,buy,50,25931.2,Put,25950
2025-12-30 11:10:02,NIFTY,sell,50,25931.45,Call,25950
2025-12-30 11:10:02,NIFTY,buy,50,25929.95,Call,25950
2025-12-30 11:10:06,NIFTY,sell,50,25931.35,Call,25950
2025-12-30 11:10:12,NIFTY,buy,50,25929.6,Call,25950
2025-12-30 11:10:18,NIFTY,sell,50,25930.7,Call,25950
2025-12-30 11:10:19,NIFTY,buy,50,25930.45,Call,25950
2025-12-30 11:10:19,NIFTY,sell,50,25931.8,Call,25950
2025-12-30 11:10:20,NIFTY,sell,50,25931.05,Put,25950
2025-12-30 11:10:20,NIFTY,buy,50,25929.65,Call,25950
2025-12-30 11:10:20,NIFTY,buy,50,25931.5,Put,25950
2025-12-30 11:10:25,NIFTY,sell,50,25930.2,Put,25950
2025-12-30 11:10:25,NIFTY,buy,50,25930.35,Put,25950
2025-12-30 11:10:25,NIFTY,sell,50,25931.15,Call,25950
2025-12-30 11:10:25,NIFTY,buy,50,25930.1,Call,25950
2025-12-30 11:10:25,NIFTY,sell,50,25929.4,Put,25950
2025-12-30 11:10:50,NIFTY,buy,50,25930.3,Put,25950
2025-12-30 11:10:52,NIFTY,sell,50,25929.5,Put,25950
2025-12-30 11:10:55,NIFTY,buy,50,25930.65,Put,25950
2025-12-30 11:10:55,NIFTY,sell,50,25930.95,Call,25950
2025-12-30 11:10:58,NIFTY,buy,50,25930.05,Call,25950
2025-12-30 11:10:59,NIFTY,sell,50,25930.35,Put,25950
2025-12-30 11:11:01,NIFTY,buy,50,25931.05,Put,25950
2025-12-30 11:11:01,NIFTY,sell,50,25931.35,Call,25950
2025-12-30 11:11:04,NIFTY,buy,50,25930.3,Call,25950
2025-12-30 11:11:04,NIFTY,sell,50,25930.25,Put,25950
2025-12-30 11:11:09,NIFTY,buy,50,25931.1,Put,25950
2025-12-30 11:11:11,NIFTY,sell,50,25930.15,Call,25950
2025-12-30 11:11:11,NIFTY,buy,50,25929.85,Call,25950
2025-12-30 11:11:11,NIFTY,sell,50,25929.85,Put,25950
2025-12-30 11:11:16,NIFTY,buy,50,25930.2,Put,25950
2025-12-30 11:11:17,NIFTY,sell,50,25930.6,Call,25950
2025-12-30 11:11:20,NIFTY,buy,50,25932.7,Call,25950
2025-12-30 11:11:20,NIFTY,sell,50,25928.15,Put,25950
2025-12-30 11:11:49,NIFTY,buy,50,25931.35,Put,25950
2025-12-30 11:11:49,NIFTY,sell,50,25932.35,Call,25950
2025-12-30 11:11:51,NIFTY,buy,50,25932.5,Call,25950
2025-12-30 11:11:52,NIFTY,sell,50,25931.75,Call,25950
2025-12-30 11:12:10,NIFTY,buy,50,25929.85,Call,25950
2025-12-30 11:12:11,NIFTY,sell,50,25931.05,Call,25950
2025-12-30 11:12:25,NIFTY,buy,50,25929.5,Call,25950
2025-12-30 11:12:26,NIFTY,sell,50,25931.55,Call,25950
2025-12-30 11:12:43,NIFTY,buy,50,25930.25,Call,25950
2025-12-30 11:12:48,NIFTY,sell,50,25931.25,Call,25950
2025-12-30 11:12:51,NIFTY,buy,50,25927.9,Call,25950
2025-12-30 11:12:51,NIFTY,sell,50,25930.45,Call,25950
2025-12-30 11:12:51,NIFTY,buy,50,25929.8,Call,25950
2025-12-30 11:12:53,NIFTY,sell,50,25928.45,Put,25950
2025-12-30 11:12:54,NIFTY,buy,50,25931.35,Put,25950
2025-12-30 11:12:54,NIFTY,sell,50,25928.9,Put,25950
2025-12-30 11:13:01,NIFTY,buy,50,25930.5,Put,25950
2025-12-30 11:13:04,NIFTY,sell,50,25930.9,Call,25950
2025-12-30 11:13:43,NIFTY,buy,50,25931.1,Call,25950
2025-12-30 11:13:46,NIFTY,sell,50,25930.15,Put,25950
2025-12-30 11:13:54,NIFTY,buy,50,25930.9,Put,25950
2025-12-30 11:14:07,NIFTY,sell,50,25928.75,Put,25950
2025-12-30 11:14:51,NIFTY,buy,50,25930.45,Put,25950
2025-12-30 11:14:54,NIFTY,sell,50,25929.9,Put,25950
2025-12-30 11:14:54,NIFTY,buy,50,25931.3,Put,25950
2025-12-30 11:14:57,NIFTY,sell,50,25930.3,Call,25950
2025-12-30 11:15:01,NIFTY,buy,50,25930.45,Call,25950
2025-12-30 11:15:15,NIFTY,sell,50,25933.25,Put,25950
2025-12-30 11:15:20,NIFTY,buy,50,25931.05,Put,25950
2025-12-30 11:15:27,NIFTY,sell,50,25929.8,Put,25950
2025-12-30 11:15:48,NIFTY,buy,50,25930.0,Put,25950
2025-12-30 11:15:48,NIFTY,sell,50,25930.95,Put,25950
2025-12-30 11:15:49,NIFTY,buy,50,25931.2,Put,25950
2025-12-30 11:15:50,NIFTY,sell,50,25930.6,Call,25950
2025-12-30 11:15:51,NIFTY,buy,50,25930.35,Call,25950
2025-12-30 11:16:05,NIFTY,sell,50,25929.95,Put,25950
2025-12-30 11:16:05,NIFTY,buy,50,25930.35,Put,25950
2025-12-30 11:16:10,NIFTY,sell,50,25931.2,Call,25950
2025-12-30 11:16:13,NIFTY,buy,50,25931.15,Call,25950
2025-12-30 11:16:45,NIFTY,sell,50,25930.25,Put,25950
2025-12-30 11:17:03,NIFTY,buy,50,25932.1,Put,25950
2025-12-30 11:17:12,NIFTY,sell,50,25929.85,Put,25950
2025-12-30 11:17:15,NIFTY,buy,50,25930.35,Put,25950
2025-12-30 11:17:15,NIFTY,sell,50,25929.1,Call,25950
2025-12-30 11:17:15,NIFTY,buy,50,25929.8,Call,25950
2025-12-30 11:17:21,NIFTY,sell,50,25930.05,Put,25950
